,0,1,2,4,9
TCACACCCAGGTGTGA-1-38_s3,-1,1,0,-1,1
TAGTGCATCACCGGTG-1-43_s3,-1,-1,0,0,0
TCGGGTGAGACATCCT-1-39_s3,-1,1,0,-1,-1
GTCTAGACATCTCCCA-1-40_s3,1,0,-1,0,0
CTCACTGTCCTCTAAT-1-43_s3,-1,-1,0,0,0
TGAGGGAAGGCTAACG-1-36_s3,-1,1,0,-1,-1
ACTACGAAGCCTGGAA-1-38_s3,1,0,-1,0,0
AAGTTCGAGCGATTCT-1-36_s3,1,0,-1,0,0
GTAGAAAGTCGATTTG-1-40_s3,1,0,-1,0,0
ATATCCTAGCGACATG-1-37_s3,-1,1,0,-1,-1
TCGAACATCGCTGACG-1-36_s3,1,0,-1,0,0
TTAATCCGTGTTCGTA-1-40_s3,-1,-1,0,0,0
GGTAACTGTGAGTTGG-1-36_s3,1,0,-1,0,0
CATCAAGAGTGATTCC-1-37_s3,-1,1,0,-1,-1
GGAGATGGTACACGTT-1-39_s3,-1,1,0,-1,-1
TGCACGGAGAGCCATG-1-41_s3,-1,-1,0,0,0
ATTTACCGTGGCAGAT-1-43_s3,1,0,-1,0,0
TGATGGTGTCATCAGT-1-41_s3,1,0,-1,0,0
GTGAGCCCAGCGCTTG-1-38_s3,1,0,-1,0,0
ACATGCATCTTACACT-1-38_s3,1,0,1,0,0
GAGGGATCACGTCGGT-1-41_s3,1,0,1,0,0
GGGTCTGTCACATCAG-1-37_s3,-1,1,0,-1,-1
CATTGCCAGCATGCAG-1-37_s3,-1,-1,0,0,0
GATTTCTTCGCTTGCT-1-42_s3,-1,-1,0,0,0
AATTCCTGTTGCATAC-1-42_s3,1,0,-1,0,0
TGGAGAGTCGAAACAA-1-43_s3,1,0,-1,0,0
TCATTACGTGGTAATA-1-40_s3,-1,1,0,1,0
AATAGAGAGCTGTTCA-1-36_s3,1,0,-1,0,0
CAAGCTACATAACGGG-1-38_s3,-1,1,0,-1,1
CAACCTCTCATAGGCT-1-37_s3,1,0,-1,0,0
GATGATCGTAACAGGC-1-40_s3,-1,1,0,-1,1
CTACATTGTTCGGGTC-1-40_s3,-1,1,0,-1,-1
TTTCGATGTACCTAGT-1-40_s3,-1,1,0,-1,1
TGCGATACATGTCTAG-1-39_s3,-1,1,0,1,0
GTGTGATCAAATGGTA-1-42_s3,1,0,-1,0,0
GATTCTTGTGATATAG-1-37_s3,1,0,-1,0,0
TCAATCTGTACTGCCG-1-36_s3,-1,1,0,-1,1
TATTGGGCAACAAGTA-1-42_s3,-1,1,0,-1,-1
TTTAGTCAGTCACACT-1-41_s3,-1,1,0,-1,-1
AACAACCCAATCTCGA-1-38_s3,-1,-1,0,0,0
AGTCACATCAGGAACG-1-38_s3,-1,1,0,1,0
CGGAATTTCTGCTAGA-1-37_s3,-1,1,0,-1,1
AGACCATGTCGTACTA-1-36_s3,-1,1,0,-1,1
TGTGATGCACCTCTAC-1-36_s3,-1,1,0,-1,1
GGAATGGAGACATATG-1-43_s3,1,0,-1,0,0
AGTCATGCAAGCGCTC-1-36_s3,-1,-1,0,0,0
TACGGGCGTTCTTAGG-1-42_s3,-1,1,0,-1,-1
ACCCTTGTCCCTCATG-1-40_s3,-1,1,0,-1,1
CTATCCGAGCTACGTT-1-39_s3,-1,-1,0,0,0
GATCACATCGTGTGGC-1-38_s3,1,0,-1,0,0
TCTTGCGAGGGTGGGA-1-38_s3,1,0,-1,0,0
CTTGAGAGTACAACGG-1-39_s3,1,0,-1,0,0
TTTCGATTCGTCCTCA-1-36_s3,-1,1,0,1,0
GGGACTCGTCACTGAT-1-38_s3,1,0,1,0,0
GGAGGTAAGACCGCCT-1-40_s3,-1,1,0,-1,1
CCGGGTATCGGACTGC-1-40_s3,-1,-1,0,0,0
CATTGAGGTATCCTTT-1-36_s3,-1,1,0,-1,-1
GTACAGTCACAACGTT-1-40_s3,1,0,-1,0,0
GGCACGTGTTCTCGCT-1-39_s3,-1,-1,0,0,0
TCTCCGAAGGTCATCT-1-38_s3,-1,1,0,-1,-1
GAGTCTAAGAGCCTGA-1-42_s3,-1,1,0,-1,1
CAGCACGGTATGTGTC-1-40_s3,1,0,-1,0,0
CAATCGATCCTTTGAT-1-37_s3,1,0,1,0,0
TCATGGAAGTAACGAT-1-41_s3,1,0,-1,0,0
GTTATGGGTCTTTCAT-1-39_s3,1,0,-1,0,0
TCTTCCTGTCCTCAGG-1-36_s3,1,0,1,0,0
TACTTCACAAGTGTCT-1-40_s3,1,0,1,0,0
ATGCGATTCGTCTAAG-1-39_s3,-1,1,0,-1,1
GATGGAGCACGCAAAG-1-43_s3,-1,1,0,-1,-1
CATCCACGTGACCGTC-1-43_s3,-1,-1,0,0,0
AGTTCGAAGGAACGCT-1-40_s3,-1,1,0,-1,1
GTGTAACGTAAGGTCG-1-41_s3,1,0,-1,0,0
CAATTTCCAGGGACTA-1-38_s3,-1,-1,0,0,0
GTAGTACAGACACACG-1-43_s3,-1,-1,0,0,0
CAGGGCTCACGACCTG-1-42_s3,1,0,-1,0,0
TCCAGAACATGCAGGA-1-41_s3,1,0,-1,0,0
CGGGACTGTCCTGAAT-1-37_s3,-1,-1,0,0,0
GGGCTCACAAGAGTGC-1-38_s3,-1,1,0,-1,-1
CCAATGACAAGCCATT-1-38_s3,-1,-1,0,0,0
ATCACAGTCCGGACGT-1-37_s3,1,0,1,0,0
GTGTGGCAGTGTTCAC-1-37_s3,1,0,1,0,0
CCAATTTTCATTCATC-1-40_s3,-1,1,0,1,0
GAAGCCCCATAGACTC-1-38_s3,-1,-1,0,0,0
ACCAAACGTCGTGATT-1-42_s3,1,0,-1,0,0
TGTCCCAAGGTAACTA-1-40_s3,-1,1,0,1,0
CGACAGCAGGCACAAC-1-42_s3,-1,-1,0,0,0
ACAAAGACATGCCGAC-1-37_s3,1,0,-1,0,0
GGATGTTTCCGTGCGA-1-39_s3,-1,1,0,-1,1
TACAACGGTACCTTCC-1-43_s3,1,0,-1,0,0
TCCTAATGTCACTCAA-1-42_s3,-1,1,0,-1,1
GTCACGGTCTGTAACG-1-39_s3,-1,1,0,1,0
ATCAGGTGTCCGAAAG-1-43_s3,-1,1,0,-1,1
CGCCAGATCCCTTGGT-1-41_s3,-1,-1,0,0,0
TTGTTCAGTTCGCGTG-1-36_s3,-1,1,0,-1,1
TAAGTCGAGGCGCTCT-1-42_s3,1,0,-1,0,0
CTCATGCAGTAAACAC-1-37_s3,1,0,-1,0,0
GTCAAACGTAGCGTTT-1-39_s3,-1,-1,0,0,0
GTTTACTCATCCGGCA-1-42_s3,-1,1,0,-1,-1
TCCGATCGTTCTCTAT-1-37_s3,-1,1,0,-1,-1
CCTACGTGTATCACGT-1-42_s3,-1,1,0,-1,-1
TGGTTAGAGGTCGTAG-1-40_s3,-1,1,0,-1,-1
GCGATCGAGAGCCTGA-1-41_s3,-1,-1,0,0,0
GACGCTGGTGCTGCAC-1-42_s3,-1,1,0,-1,1
GCACGGTTCACATACG-1-39_s3,1,0,-1,0,0
ACTGCAACAACATCGT-1-41_s3,-1,1,0,-1,1
GGCTGTGTCCAAGAGG-1-41_s3,1,0,-1,0,0
TCTATACAGAGCAACC-1-39_s3,1,0,-1,0,0
CACTTCGTCTGCGGCA-1-39_s3,-1,1,0,-1,-1
CAGTGCGTCCGTGCGA-1-36_s3,1,0,-1,0,0
AGACCCGTCGACCACG-1-43_s3,-1,1,0,-1,1
AACGTCATCCTAGCCT-1-43_s3,-1,-1,0,0,0
TATTGCTGTCGAAGCA-1-42_s3,1,0,-1,0,0
GGGACAACAGTGCGCT-1-41_s3,-1,1,0,-1,-1
TTTAGTCCATTAGGAA-1-43_s3,-1,1,0,-1,1
ACCAACAAGGAAGTCC-1-38_s3,1,0,-1,0,0
TCGGATAAGCAGCCTC-1-42_s3,1,0,-1,0,0
GGTTAACAGGGCAGTT-1-41_s3,-1,1,0,-1,-1
CTTAGGAAGCGCATCC-1-36_s3,-1,1,0,1,0
CTGCCTAAGCTGAGTG-1-38_s3,-1,-1,0,0,0
TTGTGGATCAGGGTAG-1-36_s3,-1,1,0,-1,1
AGTAGCTTCGTCACCT-1-37_s3,-1,1,0,-1,-1
CCTTGTGGTATCATGC-1-43_s3,-1,1,0,-1,-1
TGCATGAAGACGAAGA-1-37_s3,1,0,-1,0,0
GTCCACTTCTTAGCAG-1-40_s3,-1,1,0,1,0
TACCGAAGTCACGTGC-1-42_s3,-1,1,0,1,0
TACTTGTCAGACCTAT-1-37_s3,1,0,-1,0,0
TTTACCATCCACAAGT-1-39_s3,-1,-1,0,0,0
GTAGAAAGTCTTGCGG-1-41_s3,-1,-1,0,0,0
TGTCCTGTCCACAGCG-1-36_s3,-1,1,0,-1,1
TAGCACAGTCGCGTTG-1-38_s3,-1,1,0,-1,1
ACAAAGACACCCTAGG-1-36_s3,1,0,-1,0,0
TCGTGCTAGGAATGTT-1-40_s3,1,0,-1,0,0
GATGATCGTCCGTACG-1-41_s3,-1,1,0,1,0
TGGAGAGAGCGTGCCT-1-43_s3,1,0,-1,0,0
TTCTAACCAACCACAT-1-39_s3,-1,1,0,-1,-1
TACGGGCGTCACAGTT-1-40_s3,1,0,-1,0,0
CCTCCTCTCTTAGCTT-1-39_s3,1,0,-1,0,0
TTGAACGGTCCCTGTT-1-40_s3,-1,1,0,1,0
ATCGTAGGTGCATTTG-1-38_s3,1,0,-1,0,0
TTCTGTACAGGGAATC-1-40_s3,-1,1,0,-1,1
TCGTGGGCAAGTAGTA-1-36_s3,-1,1,0,-1,1
TACCGAAAGGGTACGT-1-40_s3,-1,1,0,-1,-1
GACGCTGCACAAGCTT-1-40_s3,-1,1,0,-1,-1
AAATGGAAGGGACAGG-1-42_s3,-1,1,0,-1,-1
TCTGTCGTCGACGATT-1-38_s3,-1,1,0,-1,-1
GTCGAATGTGAATGAT-1-38_s3,-1,-1,0,0,0
GTGAGCCTCGCTTTAT-1-43_s3,-1,1,0,-1,-1
GAGGGTAAGGAATGTT-1-36_s3,-1,1,0,1,0
TGGGCTGAGGGAGATA-1-41_s3,1,0,-1,0,0
GGTGTCGTCCAGCCTT-1-36_s3,1,0,-1,0,0
CCTCCTCAGGTATAGT-1-43_s3,-1,1,0,-1,-1
TTCAGGATCCAACTGA-1-38_s3,1,0,-1,0,0
CTCTCAGAGCCGTTGC-1-39_s3,1,0,-1,0,0
CGTAATGTCCCATTCG-1-36_s3,-1,-1,0,0,0
GAGACTTAGAGTAACT-1-36_s3,-1,1,0,-1,-1
CCATAAGAGGCAGTCA-1-37_s3,-1,1,0,-1,-1
ATTCAGGCACCAACAT-1-37_s3,-1,1,0,-1,-1
GCCGTGACATGTTCGA-1-43_s3,1,0,-1,0,0
ACACAGTGTGCGAGTA-1-40_s3,1,0,-1,0,0
TGAGTCATCTTCGTGC-1-38_s3,-1,1,0,1,0
CAACGATCAGCAGGAT-1-40_s3,1,0,-1,0,0
CCGGACAAGGTGCAGT-1-43_s3,-1,1,0,-1,1
GTCTCACTCGCAACAT-1-40_s3,-1,1,0,-1,-1
TCCATGCTCGTGGGTC-1-39_s3,-1,1,0,1,0
TTCGATTCACGACGCT-1-41_s3,1,0,-1,0,0
TGGTGATAGCACGGAT-1-36_s3,-1,1,0,1,0
AGACCATAGGGAGGTG-1-43_s3,-1,-1,0,0,0
CGGAACCGTTGCACGC-1-42_s3,1,0,1,0,0
AGTCTCCCAGACAAGC-1-36_s3,-1,1,0,-1,-1
GGATCTACATAACAGA-1-36_s3,-1,-1,0,0,0
CTAGACACATCCTGTC-1-40_s3,-1,-1,0,0,0
GGGTATTAGCCTCACG-1-42_s3,1,0,-1,0,0
GCGTTTCTCAGTCATG-1-40_s3,-1,1,0,1,0
TACTTACCAAATCGGG-1-38_s3,1,0,-1,0,0
TTGCCTGGTCGCATGC-1-40_s3,-1,-1,0,0,0
TCAGCCTTCAACCCGG-1-42_s3,-1,-1,0,0,0
AAGTTCGCACGTATAC-1-38_s3,-1,1,0,1,0
CAATTTCCAGAAATCA-1-38_s3,1,0,-1,0,0
CCTTGTGCAGCCATTA-1-41_s3,-1,1,0,-1,-1
AGACCCGTCGTTGCCT-1-40_s3,1,0,-1,0,0
TGCTCGTAGACATATG-1-42_s3,-1,1,0,-1,-1
TTCGGTCTCAGCCTCT-1-37_s3,1,0,-1,0,0
AACGAAATCGCTGACG-1-43_s3,-1,1,0,-1,-1
ATGAGTCTCCTAAACG-1-37_s3,1,0,-1,0,0
CACTGGGAGCTGCCTG-1-38_s3,1,0,-1,0,0
GAACTGTAGTAACCTC-1-43_s3,-1,-1,0,0,0
TGATGGTCACACCGAC-1-37_s3,-1,1,0,-1,-1
AGTACCAGTACAATAG-1-41_s3,1,0,-1,0,0
AGTTCCCAGGCTAACG-1-41_s3,1,0,1,0,0
CGAAGTTCAATTTCCT-1-41_s3,-1,1,0,-1,-1
CTGTACCTCTAGGAAA-1-43_s3,-1,-1,0,0,0
CATAAGCGTCACAATC-1-37_s3,-1,1,0,-1,1
GCACGTGGTACAGTAA-1-42_s3,1,0,-1,0,0
GGTTAACGTCTACAAC-1-42_s3,1,0,-1,0,0
AGTGCCGAGCCTCAGC-1-36_s3,-1,-1,0,0,0
ACAGGGACAGCAAGAC-1-37_s3,-1,1,0,-1,-1
TTGTTCACAAATGATG-1-36_s3,-1,1,0,-1,1
GGAACCCAGTTGCGCC-1-36_s3,-1,1,0,-1,-1
TATTCCATCCAATCTT-1-42_s3,-1,-1,0,0,0
AGGCATTCAGAGAAAG-1-43_s3,1,0,-1,0,0
GAGTCATCATTGACCA-1-40_s3,-1,1,0,-1,-1
GGAGGTAAGAGCATAT-1-43_s3,-1,-1,0,0,0
TTGACCCGTCGTTGCG-1-38_s3,-1,-1,0,0,0
CTGTCGTTCGCCGAAC-1-40_s3,1,0,-1,0,0
AATCGACTCATCTGTT-1-39_s3,-1,1,0,-1,1
GAGCTGCTCGAGAGAC-1-41_s3,-1,1,0,-1,-1
ACTGTCCAGATGAACT-1-36_s3,1,0,-1,0,0
GTCTGTCCACCGTCTT-1-39_s3,-1,1,0,-1,1
TGGTGATAGGCTAGCA-1-40_s3,-1,1,0,-1,-1
CATCAAGAGTTCTCTT-1-38_s3,-1,-1,0,0,0
TTCCTTCAGTCAGAGC-1-40_s3,1,0,-1,0,0
CATTCATAGCACCGAA-1-42_s3,-1,1,0,-1,1
TCGGGCAGTAATTAGG-1-36_s3,-1,1,0,-1,-1
GTTACAGGTCGCCACA-1-37_s3,-1,1,0,1,0
GTCTAGATCAGTGTTG-1-38_s3,1,0,-1,0,0
AGGGTCCTCGCGTGAC-1-37_s3,-1,1,0,-1,-1
GCCGATGCATCCTTGC-1-41_s3,1,0,-1,0,0
CAATACGGTTTGGAAA-1-42_s3,-1,1,0,-1,-1
CCTCATGAGATACGAT-1-43_s3,-1,1,0,-1,1
CTTAGGACACAATGCT-1-37_s3,-1,1,0,-1,-1
TCTATACAGGTCTACT-1-36_s3,1,0,-1,0,0
CATGGTAGTATTAAGG-1-36_s3,-1,1,0,-1,-1
GAATCACCAAGTCCCG-1-41_s3,-1,1,0,-1,-1
ACACGCGAGTAGCATA-1-36_s3,1,0,-1,0,0
GACCTTCAGCACTAGG-1-36_s3,-1,-1,0,0,0
CTGAGGCCAACAGTGG-1-43_s3,1,0,-1,0,0
GAGTTTGTCCCAACTC-1-36_s3,1,0,-1,0,0
TGAGACTCACAGTCAT-1-42_s3,-1,1,0,-1,1
TCATCATAGTATGAGT-1-36_s3,-1,-1,0,0,0
GAGCTGCGTATGAGAT-1-42_s3,1,0,-1,0,0
TGGGAAGGTGCCTACG-1-39_s3,1,0,-1,0,0
TGAACGTAGCCAAGCA-1-37_s3,1,0,-1,0,0
TTCATGTTCGCGGACT-1-43_s3,-1,1,0,-1,1
CTCCAACAGGTCCCTG-1-43_s3,-1,-1,0,0,0
TGTGTGAAGTAACCTC-1-41_s3,1,0,-1,0,0
CAGATTGCATACAGCT-1-43_s3,1,0,-1,0,0
CGTAAGTTCTTCTGGC-1-37_s3,-1,1,0,1,0
CAACCAACATGAGATA-1-42_s3,1,0,-1,0,0
AGAGAATCAGCTGTGC-1-43_s3,-1,1,0,-1,1
TCATACTGTGGCAGAT-1-36_s3,1,0,-1,0,0
CCAATGAGTCGATTAC-1-40_s3,-1,1,0,-1,1
CAACGATTCTAGTCAG-1-41_s3,-1,-1,0,0,0
TTCTAACGTAAGATAC-1-39_s3,-1,1,0,-1,-1
GGACGTCTCGAGTGGA-1-40_s3,-1,1,0,-1,1
GTTACAGTCGCTAAAC-1-42_s3,-1,-1,0,0,0
CTATCCGAGTTGTAAG-1-37_s3,-1,-1,0,0,0
TAGGTACTCTGCATAG-1-43_s3,-1,1,0,-1,-1
ACATGCAGTTGACTGT-1-40_s3,-1,1,0,1,0
TCTAACTCAGGTTCCG-1-40_s3,-1,1,0,-1,1
TCACGCTCAGCTACAT-1-42_s3,1,0,-1,0,0
TCACTATTCTATTTCG-1-40_s3,-1,1,0,-1,1
ATTATCCTCTGCCTCA-1-41_s3,1,0,-1,0,0
GAGGCAAGTACTCGAT-1-40_s3,-1,1,0,-1,1
CGAGGCTGTGCTGATT-1-42_s3,1,0,-1,0,0
GAAGAATAGCCTTTGA-1-42_s3,-1,1,0,-1,1
TCGCTCATCGCAACAT-1-37_s3,-1,1,0,1,0
GAACACTTCTTGTTAC-1-38_s3,-1,1,0,-1,-1
CCGGACAAGCCTGTCG-1-37_s3,1,0,-1,0,0
TAGAGTCAGAGTGTGC-1-37_s3,-1,1,0,-1,1
GACTCTCAGAATCGCG-1-38_s3,-1,-1,0,0,0
GTGTTAGTCAAGTGTC-1-36_s3,-1,-1,0,0,0
AAAGGGCGTTAGTTCG-1-42_s3,-1,1,0,1,0
TTGTGTTGTTTATGCG-1-38_s3,-1,-1,0,0,0
GAGGGTACAGAGTCTT-1-39_s3,-1,1,0,-1,-1
CTCAGAATCCTAAGTG-1-37_s3,-1,-1,0,0,0
ACCTACCTCCTGCTAC-1-39_s3,-1,1,0,-1,-1
ATTTCACAGGATACAT-1-36_s3,-1,1,0,-1,-1
CAACGGCTCGACCAAT-1-41_s3,1,0,-1,0,0
ATTTACCCATCATTGG-1-41_s3,-1,-1,0,0,0
CATCCCAAGCATGCGA-1-42_s3,1,0,-1,0,0
TTGAACGGTATTGGCT-1-37_s3,-1,1,0,-1,1
ATTCGTTCAGCTATAC-1-37_s3,-1,1,0,-1,-1
GAAGGACAGGACTATA-1-41_s3,-1,-1,0,0,0
TGAACGTTCATTCCTA-1-37_s3,1,0,-1,0,0
CATCCACAGGTTGGAC-1-40_s3,-1,-1,0,0,0
CTCAACCTCCGAGGCT-1-37_s3,-1,-1,0,0,0
CATCGCTTCAATCTCT-1-41_s3,1,0,-1,0,0
ATTCCCGAGGATACAT-1-40_s3,-1,1,0,1,0
TTCCTCTAGGTCTTTG-1-36_s3,1,0,-1,0,0
GTAGGAGGTGACATCT-1-38_s3,-1,1,0,-1,-1
GGGAAGTCAAGAGGCT-1-41_s3,-1,1,0,-1,1
CAGCCAGGTATACAGA-1-38_s3,1,0,-1,0,0
CCGTTCAGTCTTCCGT-1-36_s3,-1,1,0,-1,-1
CGATGCGCAAATACGA-1-42_s3,1,0,-1,0,0
CTATCTAGTCGGCCTA-1-37_s3,-1,1,0,1,0
GCACATAGTTGGACTT-1-43_s3,1,0,-1,0,0
CCCATTGAGACCTCCG-1-38_s3,-1,1,0,-1,1
ATGATCGAGAGGTCGT-1-37_s3,-1,1,0,1,0
CTCCTCCCAGTCCCGA-1-37_s3,1,0,-1,0,0
AGTAACCAGTAGCAAT-1-41_s3,1,0,-1,0,0
ACAAAGAAGGAACGAA-1-42_s3,1,0,-1,0,0
CAATGACAGCAAATCA-1-39_s3,-1,1,0,-1,1
ACCAAACTCTGGACTA-1-39_s3,1,0,-1,0,0
GTAACCAAGTATTCCG-1-37_s3,-1,1,0,-1,-1
TCTGCCAGTTGCATAC-1-40_s3,-1,-1,0,0,0
AGATGAAGTCGTCTCT-1-37_s3,1,0,-1,0,0
GACATCAAGGCTCACC-1-39_s3,-1,1,0,-1,-1
CCTCACAGTGTGCCTG-1-40_s3,1,0,-1,0,0
GTGCACGAGTCTTCGA-1-41_s3,-1,1,0,-1,1
TACCTCGCAACTGTGT-1-36_s3,-1,-1,0,0,0
TCCTCTTCAGACAAAT-1-43_s3,1,0,-1,0,0
AATCGACTCGAACCAT-1-39_s3,-1,1,0,-1,1
AGATCCATCCCGTTGT-1-37_s3,1,0,-1,0,0
TAACACGTCTCGCAGG-1-43_s3,-1,1,0,-1,-1
AAGGTAATCTGTGCAA-1-40_s3,1,0,-1,0,0
GGTGTCGGTACGACAG-1-39_s3,-1,-1,0,0,0
AGTCAACGTATGCGTT-1-42_s3,1,0,-1,0,0
CATTCTAGTTCGGCCA-1-41_s3,1,0,-1,0,0
GGTGTCGGTATGTCAC-1-40_s3,-1,1,0,-1,1
TTGAGTGTCTGCTAGA-1-41_s3,-1,-1,0,0,0
AGTACTGTCAGACATC-1-41_s3,-1,1,0,-1,-1
GACACGCAGTCGTCTA-1-41_s3,-1,1,0,-1,1
AGCCAATAGATAGGGA-1-37_s3,1,0,-1,0,0
AACCATGGTCTGTGAT-1-40_s3,-1,-1,0,0,0
TTGCCTGGTCGCATCG-1-36_s3,1,0,-1,0,0
ATCGGATCACGACAGA-1-42_s3,-1,-1,0,0,0
TGAGGGAAGTAGACAT-1-42_s3,-1,-1,0,0,0
ACGGTTAAGCCTCAAT-1-40_s3,-1,-1,0,0,0
GAGTTACGTCCTGTTC-1-38_s3,-1,1,0,-1,1
CTCAAGATCAACTCTT-1-41_s3,1,0,-1,0,0
GCAACATAGGAGGGTG-1-43_s3,-1,1,0,-1,1
CATGAGTTCGGAGTGA-1-38_s3,1,0,-1,0,0
TCCGATCGTGGCTGCT-1-36_s3,1,0,-1,0,0
AGTCACAAGAAGTCTA-1-43_s3,1,0,-1,0,0
TTACGTTGTATGTCTG-1-39_s3,-1,1,0,-1,-1
CACTGGGTCCTTACCG-1-43_s3,-1,1,0,-1,1
AGAACAAGTGTATTCG-1-42_s3,-1,-1,0,0,0
GTGAGTTAGTCAATCC-1-42_s3,-1,1,0,-1,1
GCCAGTGCACCCATAA-1-38_s3,-1,-1,0,0,0
TTTGATCTCATGTCAG-1-36_s3,-1,1,0,1,0
CCTAAGAAGAATTGCA-1-39_s3,-1,1,0,-1,-1
CCCGAAGGTTAGGGAC-1-41_s3,-1,1,0,-1,1
GTCTAGATCTCCGCAT-1-38_s3,1,0,-1,0,0
TGATGGTCACGACAGA-1-43_s3,1,0,-1,0,0
TGTCCCAAGACGTCCC-1-39_s3,1,0,-1,0,0
AGGCATTAGTTGGCTT-1-41_s3,-1,1,0,1,0
ACCATTTTCCAAGAGG-1-38_s3,1,0,-1,0,0
ATTGGGTGTGCATTAC-1-41_s3,-1,1,0,-1,-1
GTAACCAGTAGGTAGC-1-43_s3,1,0,-1,0,0
CTCATTAAGAGACAAG-1-36_s3,-1,1,0,-1,1
TTCATTGTCCCAATAG-1-43_s3,1,0,-1,0,0
GTCTAGAAGATGTTAG-1-41_s3,-1,1,0,1,0
AACAACCAGTACAGAT-1-41_s3,-1,1,0,-1,-1
CGAAGTTTCTCTATAC-1-42_s3,-1,1,0,-1,-1
TCTGCCAAGAGCAGAA-1-36_s3,-1,1,0,-1,-1
TGACCCTGTGCCCGTA-1-38_s3,-1,-1,0,0,0
AGGATAATCTCCTGAC-1-40_s3,1,0,-1,0,0
TGGATCAGTTCAAAGA-1-37_s3,-1,-1,0,0,0
ACTGTCCGTCCGATCG-1-36_s3,-1,1,0,-1,-1
ACCAAACAGACCAAAT-1-38_s3,-1,1,0,-1,1
CGTAAGTAGATAGCAT-1-40_s3,1,0,-1,0,0
TGAGGGAGTGGGCTCT-1-36_s3,1,0,-1,0,0
TGTGAGTAGAGAGTTT-1-41_s3,1,0,-1,0,0
AGCGCTGGTACAAACA-1-40_s3,-1,1,0,1,0
ACATCCCCAGGCGTTC-1-42_s3,-1,1,0,-1,1
CAGCCAGTCTTACGGA-1-42_s3,-1,1,0,-1,-1
CTTGAGATCCTTCTTC-1-41_s3,1,0,-1,0,0
CCACTTGTCCACGTGG-1-37_s3,-1,1,0,-1,-1
GGATGTTAGACCTCCG-1-42_s3,1,0,-1,0,0
AACAGGGTCCCTCTTT-1-37_s3,1,0,-1,0,0
CACTGGGCAGGTTACT-1-41_s3,-1,-1,0,0,0
AAGCCATCAGGACTTT-1-43_s3,-1,1,0,-1,-1
TAGACCATCTAACGGT-1-37_s3,1,0,-1,0,0
TGTAAGCCATAACCCA-1-42_s3,1,0,1,0,0
TCTCACGTCGCGGACT-1-43_s3,1,0,-1,0,0
TTCCGTGGTCTTGAAC-1-42_s3,-1,1,0,-1,1
AACAACCAGACTTAAG-1-43_s3,-1,1,0,-1,-1
GCTTCACGTATCTCGA-1-38_s3,1,0,-1,0,0
CCACAAAGTGCTCTTC-1-43_s3,1,0,-1,0,0
GCTACCTAGGGTCTTT-1-42_s3,-1,1,0,-1,-1
TTCACGCTCGCAGAGA-1-39_s3,-1,1,0,-1,1
CACAGGCCAAATCAGA-1-37_s3,-1,1,0,-1,1
TTTACCAGTGCCTTCT-1-39_s3,1,0,-1,0,0
ATCGTAGCACGATAGG-1-41_s3,1,0,-1,0,0
GTGAGCCCAAAGCAAT-1-43_s3,-1,-1,0,0,0
GCTTCACCACAACGAG-1-39_s3,-1,1,0,-1,1
ATCTTCATCTGCACCT-1-42_s3,-1,1,0,-1,1
ATTACCTGTATAATGG-1-37_s3,-1,1,0,-1,-1
AGCGCCAAGTCGAAGC-1-39_s3,-1,1,0,-1,1
GGTGGCTAGTTCATGC-1-43_s3,1,0,-1,0,0
TTACCATGTGTTACAC-1-43_s3,-1,-1,0,0,0
GGCTTTCAGCTCCATA-1-36_s3,1,0,-1,0,0
CACGAATAGTACCATC-1-36_s3,-1,1,0,-1,-1
GGTTCTCTCGCTATTT-1-36_s3,-1,-1,0,0,0
ATTCCATAGTTTCTTC-1-40_s3,-1,1,0,-1,-1
AGTCACACATAACAGA-1-43_s3,-1,-1,0,0,0
AAGTTCGAGAATCGCG-1-39_s3,-1,1,0,-1,-1
TCTCACGAGTGTACAA-1-43_s3,1,0,-1,0,0
CGGACACCAAAGTGTA-1-42_s3,-1,-1,0,0,0
ATCGTGAAGAGCAAGA-1-36_s3,1,0,-1,0,0
TCTCAGCGTCGAATTC-1-42_s3,1,0,-1,0,0
CTCCCTCTCTGCTCTG-1-41_s3,-1,1,0,-1,1
GACTCTCTCTCGCTCA-1-39_s3,-1,1,0,-1,1
CATACAGGTTAAGGAT-1-39_s3,1,0,1,0,0
AGTCTCCAGTAGGCCA-1-37_s3,-1,-1,0,0,0
ACCAACAAGTCCCAGC-1-40_s3,1,0,1,0,0
ACACCAAGTCTTGCGG-1-37_s3,-1,-1,0,0,0
CTGGTCTAGCTCTGTA-1-37_s3,-1,1,0,-1,1
ACTTCCGCAAGAGTAT-1-43_s3,1,0,1,0,0
TACGCTCTCGTGGCGT-1-40_s3,-1,-1,0,0,0
CAGTTCCAGGAGAGTA-1-43_s3,-1,1,0,-1,-1
GACTGATGTCGTCTCT-1-43_s3,-1,-1,0,0,0
GTCAAACCACGACAAG-1-43_s3,-1,1,0,-1,-1
GGAGGTACATGGATCT-1-36_s3,-1,-1,0,0,0
GGTAATCGTCCACTCT-1-42_s3,-1,1,0,-1,-1
TCTCTGGAGCAATAAC-1-42_s3,-1,1,0,-1,1
ACGTAACTCGAAGCAG-1-36_s3,-1,-1,0,0,0
TTGAGTGAGCAATAGT-1-42_s3,-1,1,0,-1,1
TCAGTCCCAGCCGTCA-1-36_s3,1,0,1,0,0
GTCACGGGTGTCCATA-1-40_s3,-1,-1,0,0,0
GTCAAGTCACTCCGGA-1-42_s3,1,0,1,0,0
CTTCAATCACCGTGGT-1-36_s3,-1,1,0,-1,-1
ATGGGAGCAGGAATCG-1-36_s3,-1,1,0,1,0
GAAGGGTAGTAGAGTT-1-39_s3,-1,1,0,1,0
TCATGAGCATCTATCT-1-39_s3,-1,1,0,-1,-1
TACCCACAGGCCGCTT-1-40_s3,-1,-1,0,0,0
GGATCTATCACCATCC-1-38_s3,1,0,-1,0,0
GTCGTTCGTGATTGGG-1-41_s3,1,0,-1,0,0
CCTCAACAGCTCCGAC-1-40_s3,1,0,-1,0,0
TTCCACGTCGACATCA-1-39_s3,-1,1,0,1,0
TTTACCACATGATCTG-1-40_s3,-1,1,0,-1,1
CCTTCAGGTAGACACG-1-43_s3,-1,1,0,-1,-1
CATCGCTAGCGTATAA-1-37_s3,1,0,-1,0,0
TTCCACGCACTCCGAG-1-36_s3,-1,1,0,-1,-1
AAAGGGCTCCTTTGAT-1-36_s3,-1,1,0,-1,-1
AGGGTCCTCAAGTGTC-1-40_s3,-1,1,0,-1,-1
AAGTACCAGGCAATGC-1-43_s3,1,0,-1,0,0
GCAACCGGTCTACGTA-1-36_s3,1,0,-1,0,0
GCACATAAGCCTATTG-1-43_s3,-1,-1,0,0,0
GCTACAAGTCTCAGAT-1-39_s3,1,0,-1,0,0
CATTCCGGTCTTGTCC-1-39_s3,-1,-1,0,0,0
GATGCTAGTATAGGGC-1-42_s3,-1,1,0,-1,1
CACTGTCCATGGGTCC-1-38_s3,-1,1,0,-1,1
CGGGACTGTCTTCAAG-1-36_s3,1,0,1,0,0
AGATCGTGTGTTTCTT-1-39_s3,-1,1,0,-1,1
ACTACGACAGAGGACT-1-42_s3,-1,1,0,-1,1
ATCATTCAGTTCATCG-1-38_s3,-1,1,0,-1,1
CTCATTATCCCAGTGG-1-36_s3,-1,1,0,-1,-1
TGAATGCTCAGCGTCG-1-40_s3,1,0,-1,0,0
TGGCGTGCACGGTCTG-1-37_s3,-1,-1,0,0,0
CATCCCACATTGCTTT-1-42_s3,1,0,-1,0,0
AGGTCTAGTCCAAGAG-1-38_s3,-1,1,0,-1,1
GTGCTTCTCATTTGCT-1-37_s3,-1,1,0,-1,1
GACCCTTTCATCCTGC-1-43_s3,1,0,-1,0,0
TTGCTGCAGTAACGTA-1-42_s3,-1,-1,0,0,0
GTTAGTGAGCATCCCG-1-36_s3,-1,1,0,-1,-1
CGATGCGAGGCTATCT-1-37_s3,-1,-1,0,0,0
TTGTGTTAGGTGCATG-1-37_s3,-1,-1,0,0,0
AGATAGAGTGCTGATT-1-37_s3,1,0,-1,0,0
CGTGATATCAAGGACG-1-40_s3,1,0,-1,0,0
TGCTTGCGTCTCGGAC-1-37_s3,-1,1,0,1,0
ACTATTCGTCGCGGTT-1-43_s3,-1,1,0,-1,-1
TCGATTTCACCCAATA-1-41_s3,-1,-1,0,0,0
TACGGGCCAGGCAATG-1-41_s3,1,0,-1,0,0
CAATACGCAGAGGCTA-1-41_s3,1,0,-1,0,0
TCATGAGCACGGCGTT-1-38_s3,1,0,-1,0,0
ACGTACATCGGTCATA-1-43_s3,-1,-1,0,0,0
GCCAACGTCACCATAG-1-37_s3,1,0,-1,0,0
GCCAGCAGTGCACGCT-1-37_s3,1,0,-1,0,0
CATTGAGCACGACAAG-1-36_s3,1,0,-1,0,0
TATTTCGGTGTTCATG-1-43_s3,-1,-1,0,0,0
AGTACCAAGACGTCGA-1-39_s3,1,0,-1,0,0
TCGCACTTCTCATGCC-1-40_s3,1,0,-1,0,0
AGAGCCCGTTTCACAG-1-43_s3,1,0,-1,0,0
TTACCATTCATCTATC-1-43_s3,1,0,-1,0,0
CACAACACAGTGGCTC-1-40_s3,-1,1,0,-1,1
ATTCTACAGGGTGGGA-1-39_s3,-1,1,0,-1,1
ATTCAGGAGGACTATA-1-37_s3,1,0,-1,0,0
CTACCTGGTACCCACG-1-40_s3,1,0,-1,0,0
ATCACGATCGACCCAG-1-38_s3,-1,1,0,-1,-1
TTTCAGTGTTTACACG-1-37_s3,1,0,-1,0,0
CGGGCATAGGGTACGT-1-36_s3,1,0,-1,0,0
TACCCGTGTCGAGTTT-1-43_s3,1,0,-1,0,0
GGAGGTAAGTTGGACG-1-43_s3,-1,-1,0,0,0
CACAACATCTGAACGT-1-43_s3,-1,-1,0,0,0
AAGCCATAGGGTAATT-1-36_s3,-1,1,0,-1,-1
CGGAGAACAAGAAATC-1-38_s3,1,0,-1,0,0
GCAGCCATCATGCCGG-1-40_s3,-1,-1,0,0,0
AGGTGTTTCGACGCGT-1-38_s3,-1,1,0,-1,1
GGTGAAGGTGTTTCTT-1-38_s3,1,0,-1,0,0
CGGCAGTGTGAGTTGG-1-43_s3,-1,1,0,-1,-1
GGTGAAGAGGACCCAA-1-42_s3,-1,-1,0,0,0
AAGAACATCGTTCTAT-1-39_s3,-1,1,0,-1,1
GGTTGTATCATTTACC-1-41_s3,-1,-1,0,0,0
GGTGATTGTAAGGAGA-1-39_s3,1,0,-1,0,0
CGTAGTACACGCTGCA-1-41_s3,-1,-1,0,0,0
CGTGATATCGATTGGT-1-43_s3,-1,1,0,-1,-1
GGAATGGAGTATGTAG-1-42_s3,-1,1,0,-1,-1
TATATCCAGGGTACAC-1-43_s3,1,0,-1,0,0
GCTTTCGCACGTTGGC-1-42_s3,1,0,-1,0,0
CGAGGCTAGTCCGCGT-1-40_s3,-1,1,0,-1,1
GCACATAAGTGCTCAT-1-41_s3,-1,-1,0,0,0
TGAACGTAGCCTCTTC-1-36_s3,-1,1,0,-1,1
TACTGCCCAGAAATCA-1-41_s3,-1,-1,0,0,0
GACCGTGCAACATACC-1-42_s3,1,0,-1,0,0
TCACATTCACCTCTAC-1-36_s3,-1,-1,0,0,0
GGTTCTCCAACAAGAT-1-36_s3,-1,-1,0,0,0
GGTGGCTAGAGGCGTT-1-42_s3,-1,-1,0,0,0
GGTCTGGGTGTTCGTA-1-43_s3,1,0,-1,0,0
ACTTCGCAGCTTAGTC-1-39_s3,1,0,-1,0,0
ACAGAAACAAAGCAAT-1-43_s3,1,0,-1,0,0
ATCGGATTCAGGACAG-1-41_s3,-1,1,0,1,0
TCGTGCTTCATATGGC-1-40_s3,-1,1,0,1,0
GTGAGCCAGGCACCAA-1-42_s3,-1,-1,0,0,0
GTTCCGTCAGTAGTTC-1-41_s3,1,0,-1,0,0
GAGGCAACAAATGGAT-1-42_s3,-1,1,0,-1,1
ATTTCTGCAAGGTCGA-1-36_s3,-1,1,0,1,0
ACATGCACATAACCCA-1-42_s3,-1,1,0,-1,-1
TCAGTGATCCAAACCA-1-41_s3,-1,1,0,1,0
GGAGGTATCTAGATCG-1-42_s3,-1,-1,0,0,0
TAGAGTCAGGTAAACT-1-41_s3,-1,1,0,-1,1
AGATGCTTCTTCTTCC-1-37_s3,-1,1,0,-1,-1
AAGGAATTCCGCACGA-1-36_s3,-1,1,0,1,0
CAGTGCGGTGACTATC-1-37_s3,-1,1,0,-1,-1
GGGAAGTAGTCCTGCG-1-38_s3,-1,1,0,-1,1
TTCACGCAGACCAGAC-1-41_s3,-1,-1,0,0,0
TCGCTTGGTACAGAAT-1-40_s3,-1,-1,0,0,0
TACAACGTCCGAGATT-1-43_s3,-1,1,0,-1,-1
TATCTGTAGAGGTCAC-1-38_s3,1,0,-1,0,0
CGAATTGGTTCTCCCA-1-41_s3,1,0,1,0,0
GACGTTAGTTAAGTCC-1-38_s3,1,0,-1,0,0
CTGATCCTCGTGCGAC-1-38_s3,-1,-1,0,0,0
TTCCGGTGTGAGTAAT-1-37_s3,1,0,-1,0,0
TTAGGGTCATCATTTC-1-36_s3,-1,1,0,-1,1
CGAGGCTTCCATGATG-1-39_s3,1,0,-1,0,0
AAACGAAAGACCCGCT-1-39_s3,-1,1,0,-1,1
CTTAGGATCTGGACTA-1-39_s3,-1,-1,0,0,0
AAGCATCCAGGTGTGA-1-42_s3,-1,1,0,-1,1
GGTAATCGTGTGTTTG-1-41_s3,-1,1,0,-1,-1
ACGTAACCAGCAGACA-1-43_s3,1,0,-1,0,0
CTTCCTTAGTGCGTCC-1-42_s3,-1,1,0,-1,1
GAAGGACGTGAGAACC-1-38_s3,-1,1,0,-1,-1
TGTGAGTTCGATTCCC-1-39_s3,-1,1,0,1,0
GTAGAAAGTACAGTCT-1-40_s3,-1,1,0,-1,1
CTACAGAAGATAGTCA-1-39_s3,1,0,-1,0,0
TGTCCTGTCCAAACCA-1-38_s3,-1,1,0,-1,-1
CTCAAGAGTACGTGAG-1-37_s3,-1,1,0,-1,1
AGACTCATCTAGATCG-1-41_s3,-1,1,0,-1,-1
CCTCTAGGTGTCCCTT-1-37_s3,1,0,-1,0,0
TTAATCCAGGCGTTAG-1-38_s3,1,0,-1,0,0
GGTAACTCATACAGCT-1-40_s3,-1,1,0,-1,-1
CGCAGGTGTTTGTTCT-1-42_s3,1,0,-1,0,0
ATATCCTTCGGAAGGT-1-39_s3,1,0,-1,0,0
CCCTCTCCAATTCTTC-1-42_s3,-1,-1,0,0,0
TGGATGTCAACACGTT-1-41_s3,-1,1,0,-1,-1
TTCCTTCAGACAGTCG-1-42_s3,-1,1,0,-1,-1
TCACGGGTCTGAGTCA-1-37_s3,-1,1,0,-1,1
AGGCATTCAAACCATC-1-37_s3,1,0,-1,0,0
AGGAATATCCCAGGAC-1-40_s3,1,0,-1,0,0
GGGACTCTCTACCTTA-1-41_s3,1,0,1,0,0
GGCTGTGAGCTCCGAC-1-40_s3,-1,-1,0,0,0
TACGTCCGTGACGCCT-1-40_s3,-1,1,0,-1,1
GGGTTTATCTTCGTAT-1-39_s3,-1,1,0,-1,-1
CCCGGAATCACTTATC-1-41_s3,-1,1,0,1,0
ACCTGTCGTAGTCCTA-1-42_s3,-1,1,0,-1,-1
CCTGTTGTCATAGAGA-1-36_s3,1,0,-1,0,0
TCGCAGGTCACGAGGA-1-40_s3,1,0,-1,0,0
TTACTGTAGTCGGGAT-1-39_s3,-1,1,0,-1,-1
TAGACCAAGTTACGTC-1-42_s3,-1,-1,0,0,0
TATTTCGCAGAGGGTT-1-43_s3,1,0,-1,0,0
GCTCAAAGTCTCAGAT-1-42_s3,-1,1,0,-1,1
ACGCACGAGGGATCTG-1-36_s3,-1,1,0,-1,1
GTATTGGAGGCTATCT-1-38_s3,-1,-1,0,0,0
ACGCACGGTTCACGAT-1-41_s3,-1,-1,0,0,0
GGTTAACGTAACGATA-1-39_s3,1,0,-1,0,0
CAACAGTTCCAACTGA-1-42_s3,1,0,-1,0,0
TGGGCGTTCTAAGCGT-1-38_s3,-1,1,0,-1,1
TCGAAGTGTTCAGCGC-1-40_s3,-1,-1,0,0,0
TACGCTCCATATAGCC-1-38_s3,-1,1,0,-1,-1
GTGTGATGTATCACGT-1-40_s3,1,0,-1,0,0
ACGATGTCACAATGCT-1-42_s3,-1,-1,0,0,0
TCAGTCCAGCTAGAGC-1-43_s3,1,0,1,0,0
TTGGGCGTCGGTCGAC-1-41_s3,1,0,-1,0,0
TGGTACAGTTAATGAG-1-37_s3,-1,1,0,-1,1
ACATTTCCACCTATCC-1-40_s3,-1,1,0,-1,1
ACTGTCCAGGGTTAGC-1-41_s3,1,0,-1,0,0
TACCCGTGTTGCAACT-1-40_s3,1,0,-1,0,0
GTGAGCCGTGGCCTCA-1-42_s3,1,0,-1,0,0
TCAGGGCCACTTTAGG-1-38_s3,-1,1,0,-1,1
TATTCCATCGGTCGGT-1-40_s3,-1,1,0,-1,-1
TGTGGCGAGATCGCCC-1-43_s3,-1,1,0,1,0
AGCCACGGTAGACACG-1-37_s3,-1,1,0,-1,1
GGTGATTTCATAAGGA-1-39_s3,1,0,-1,0,0
CCACAAACAACCGTAT-1-37_s3,1,0,-1,0,0
ACGGTTACACTCTAGA-1-42_s3,1,0,-1,0,0
GTTCTATTCGTGGACC-1-36_s3,-1,-1,0,0,0
AACCCAAGTGACCGTC-1-36_s3,-1,-1,0,0,0
GAAATGACACTACCCT-1-43_s3,-1,1,0,1,0
ACTTTGTAGACTCGAG-1-41_s3,-1,-1,0,0,0
ATTCTACTCTACGGTA-1-36_s3,1,0,-1,0,0
CCAATTTAGGTGTGAC-1-36_s3,1,0,-1,0,0
ACGATGTTCTGGGCCA-1-42_s3,1,0,-1,0,0
CCGGACACATGTAACC-1-37_s3,-1,1,0,-1,-1
GTGACGCGTAGTCCTA-1-42_s3,-1,1,0,-1,-1
CAACAGTAGTCATAGA-1-42_s3,-1,1,0,-1,1
GGCGTCATCAGCCTTC-1-37_s3,1,0,-1,0,0
TGTCCTGTCAATCTCT-1-43_s3,1,0,-1,0,0
ACAAAGATCGGCTTGG-1-37_s3,1,0,-1,0,0
GCATGATTCGTTCTAT-1-43_s3,-1,1,0,-1,1
CGAGTGCTCATGGATC-1-42_s3,1,0,-1,0,0
GGGTTTAAGGTATAGT-1-41_s3,1,0,-1,0,0
CTCAATTTCTGATTCT-1-41_s3,1,0,-1,0,0
CGATGGCTCCACGGGT-1-43_s3,-1,1,0,-1,-1
GGAATGGTCAGCGGAA-1-37_s3,-1,-1,0,0,0
ATGCGATCACGCTATA-1-42_s3,-1,1,0,-1,-1
GCAACATAGGTGAGCT-1-42_s3,-1,-1,0,0,0
CAGTTAGGTACGACAG-1-37_s3,-1,-1,0,0,0
CTACCTGCACACAGCC-1-38_s3,1,0,1,0,0
CGCCAGAAGACTTAAG-1-38_s3,-1,1,0,-1,-1
TATATCCGTGGGTATG-1-43_s3,1,0,-1,0,0
ATCGCCTCAATGTCAC-1-38_s3,1,0,-1,0,0
TCTTAGTCAAATCAGA-1-38_s3,-1,-1,0,0,0
TAAGCACCACATAACC-1-42_s3,1,0,-1,0,0
AAGGAATGTTATGGTC-1-43_s3,1,0,-1,0,0
TTGTTGTCAAATGCTC-1-40_s3,-1,1,0,-1,1
TCGTGCTGTGCTTCAA-1-38_s3,-1,1,0,-1,-1
TGTTTGTGTCGTGGAA-1-38_s3,-1,1,0,-1,1
AGCCACGGTTCAGGTT-1-40_s3,-1,1,0,-1,1
ATCACAGGTAGGAAAG-1-42_s3,-1,1,0,-1,-1
AGCCAGCAGGTAGTAT-1-42_s3,1,0,-1,0,0
CATCGTCTCCCAGGAC-1-40_s3,-1,-1,0,0,0
TCCTGCACAAATGAGT-1-40_s3,-1,1,0,1,0
TTCCTCTGTGTTCCAA-1-40_s3,-1,-1,0,0,0
TGCAGATTCGGTATGT-1-39_s3,1,0,-1,0,0
AGATCGTCACCCATAA-1-42_s3,-1,1,0,-1,1
CTACCTGAGGTGGTTG-1-37_s3,1,0,-1,0,0
TCTGGCTCACGGTGTC-1-37_s3,-1,1,0,-1,1
ATGAAAGGTGATCATC-1-39_s3,-1,1,0,-1,-1
AGGCCACGTCTTAGTG-1-37_s3,1,0,-1,0,0
ATGTCCCGTACCCGAC-1-43_s3,-1,1,0,-1,1
GATGACTTCCGTATGA-1-43_s3,1,0,-1,0,0
CTATCTAGTATCTTCT-1-40_s3,1,0,-1,0,0
CATTCTACAGTTAAAG-1-43_s3,1,0,-1,0,0
TGACTCCGTCACTACA-1-37_s3,-1,-1,0,0,0
AGTAGCTTCATGCCAA-1-38_s3,1,0,-1,0,0
CCGGTAGCAGAGGTTG-1-42_s3,-1,-1,0,0,0
GCCAGGTAGCTCGTGC-1-42_s3,1,0,-1,0,0
CATGAGTAGTAACGAT-1-41_s3,-1,-1,0,0,0
TTGCGTCGTAGCTGTT-1-41_s3,-1,1,0,-1,-1
CATAGACGTGCGCTCA-1-36_s3,-1,1,0,-1,-1
CATTGAGTCTGTCGTC-1-40_s3,-1,1,0,-1,-1
TCGGATAAGTGTACCT-1-43_s3,1,0,-1,0,0
ACATGCAGTCATCGCG-1-37_s3,-1,-1,0,0,0
CCTCATGCAGCTGTGC-1-41_s3,1,0,-1,0,0
AAGAACAGTCGTACTA-1-38_s3,-1,1,0,1,0
GTTCGCTCAAACACGG-1-39_s3,-1,1,0,-1,-1
CCCTCAAAGCCTCTCT-1-43_s3,1,0,-1,0,0
ATGGAGGAGCGCATCC-1-38_s3,-1,-1,0,0,0
TCCGATCCATTCGATG-1-43_s3,1,0,-1,0,0
CATGCTCAGCTTGTTG-1-40_s3,-1,1,0,-1,-1
GTAGGTTTCTGGCCGA-1-38_s3,1,0,-1,0,0
ATTTCACTCGGTGTAT-1-38_s3,-1,1,0,1,0
GTGGTTACAGGCATGA-1-41_s3,-1,1,0,-1,-1
CTCCCTCTCCTTCTTC-1-42_s3,-1,1,0,-1,-1
CCTTGTGAGCTGAGTG-1-39_s3,-1,-1,0,0,0
TAATTCCTCATTACTC-1-42_s3,1,0,-1,0,0
TGGGAGACATGGTACT-1-40_s3,-1,1,0,-1,-1
TAGCACATCCGTAATG-1-37_s3,-1,1,0,-1,1
ATACCGAGTCCACGCA-1-40_s3,-1,-1,0,0,0
ACGTAACGTGAGAACC-1-41_s3,1,0,-1,0,0
AACAAGAAGTTGCGCC-1-41_s3,1,0,-1,0,0
GATCCCTTCTGAATGC-1-37_s3,1,0,-1,0,0
AGGGTTTCATAATCGC-1-40_s3,-1,1,0,-1,1
TCATCCGTCTCTTGCG-1-41_s3,-1,1,0,-1,1
ATGCATGAGGAGAGGC-1-38_s3,-1,-1,0,0,0
AAAGGTAGTTCAGTAC-1-41_s3,-1,1,0,-1,-1
AGTGATCTCTTCTGTA-1-37_s3,-1,-1,0,0,0
CTGAGCGGTTCAAACC-1-37_s3,-1,1,0,-1,-1
GCAACCGTCAGTCAGT-1-37_s3,-1,-1,0,0,0
CAGCAGCTCACTACGA-1-38_s3,-1,-1,0,0,0
GACTTCCAGGTTAAAC-1-37_s3,1,0,-1,0,0
GGTTAACAGCCAAGCA-1-43_s3,1,0,-1,0,0
TGATTTCCAACTCGTA-1-42_s3,-1,-1,0,0,0
GTCAGCGCACCGTGAC-1-43_s3,-1,-1,0,0,0
TATTTCGTCACTGCTC-1-38_s3,-1,1,0,-1,1
GAGGCCTTCCGTAGGC-1-43_s3,-1,1,0,1,0
CCTCATGTCCGACATA-1-38_s3,-1,1,0,-1,-1
CTCTCAGTCATCGCTC-1-43_s3,-1,1,0,-1,-1
AATCGTGGTGACCGAA-1-40_s3,-1,1,0,-1,1
TCTCCGATCCGCAGTG-1-42_s3,-1,1,0,-1,-1
ACGGTTATCGCGTCGA-1-41_s3,1,0,-1,0,0
AGGCTGCAGAAACTCA-1-38_s3,1,0,-1,0,0
GGGCGTTCAACGTAAA-1-39_s3,-1,-1,0,0,0
CAGTGCGGTGTAACGG-1-40_s3,-1,1,0,-1,1
GATCACAGTGGTCCGT-1-39_s3,-1,1,0,-1,1
GTCACTCCAAGAGATT-1-39_s3,-1,-1,0,0,0
CGCGTGACACTCAGAT-1-38_s3,1,0,-1,0,0
GTGTGGCTCGCTGTTC-1-38_s3,-1,-1,0,0,0
TTCACGCCATATCTGG-1-42_s3,-1,1,0,-1,1
AGGGCCTAGTTGCCTA-1-43_s3,-1,1,0,-1,-1
TGTTGGAGTGACGTCC-1-39_s3,1,0,-1,0,0
ACCCAAATCATCTACT-1-41_s3,-1,1,0,-1,-1
GTGCAGCCAGCATACT-1-42_s3,-1,1,0,-1,-1
CCCGAAGTCGCGGACT-1-37_s3,-1,1,0,-1,-1
CTGAATGCATTGGATC-1-36_s3,-1,1,0,1,0
TGACAGTTCGTCGACG-1-40_s3,1,0,-1,0,0
TGCAGGCTCTAGTGAC-1-38_s3,-1,1,0,-1,1
ATTCCCGAGCAACAAT-1-37_s3,-1,1,0,-1,1
GTTGAACTCCAATCCC-1-38_s3,-1,1,0,-1,-1
ACACCAAGTACCCAGC-1-41_s3,1,0,-1,0,0
TGCAGGCGTGGTCCGT-1-39_s3,-1,1,0,-1,1
ATCCGTCTCCATTTAC-1-40_s3,-1,1,0,-1,1
GTCTTTAGTTGTTTGG-1-36_s3,-1,1,0,-1,1
CTCCCTCCAGTCGGAA-1-40_s3,1,0,-1,0,0
AGATAGAGTAAGTTAG-1-42_s3,1,0,-1,0,0
GTTGTAGGTATGGAGC-1-40_s3,1,0,-1,0,0
GGGCCATAGAACAGGA-1-40_s3,-1,1,0,-1,1
AGTTCGACATAGAAAC-1-36_s3,-1,1,0,-1,-1
AAATGGAGTATGGGAC-1-41_s3,1,0,-1,0,0
AGGGCTCGTACTCGAT-1-37_s3,-1,1,0,-1,-1
CAGGGCTAGTACAGCG-1-37_s3,-1,1,0,-1,1
GTCGTAAGTTTACTGG-1-41_s3,-1,1,0,-1,1
CAACCTCAGATTAGCA-1-38_s3,-1,1,0,-1,1
AGATAGATCGATGGAG-1-41_s3,1,0,-1,0,0
ACCCAAATCCATTCGC-1-36_s3,1,0,-1,0,0
TCATGGACACACCTGG-1-41_s3,1,0,-1,0,0
ATTCAGGTCATAAGGA-1-38_s3,1,0,-1,0,0
TGATCAGGTAGATTGA-1-38_s3,-1,1,0,-1,1
ATTTCACTCCACAGGC-1-38_s3,-1,1,0,-1,-1
CACAACAGTGGGCTTC-1-36_s3,1,0,-1,0,0
GGTCACGGTAGATGTA-1-39_s3,-1,1,0,-1,-1
TTTCATGGTGACAGCA-1-38_s3,1,0,-1,0,0
GGACGTCGTCTAACTG-1-40_s3,-1,-1,0,0,0
GAGTCTAAGATTACCC-1-37_s3,-1,-1,0,0,0
CAGCAGCAGCGCCTCA-1-43_s3,-1,-1,0,0,0
TAACCAGAGCCATTGT-1-43_s3,-1,1,0,1,0
TCAGCCTAGGGTTGCA-1-38_s3,-1,-1,0,0,0
CGAGAAGCAAGTATAG-1-43_s3,-1,1,0,-1,-1
AGCCAATAGTAACCTC-1-42_s3,-1,1,0,-1,1
TCATACTCAGCGTTTA-1-41_s3,-1,-1,0,0,0
TTAATCCAGAAGGTAG-1-36_s3,-1,1,0,-1,-1
TATCCTAGTTTGTGGT-1-42_s3,1,0,-1,0,0
GTGGGAATCCCAGCGA-1-37_s3,-1,1,0,-1,-1
CACATGAGTTGCTGAT-1-43_s3,-1,-1,0,0,0
TTGGGTAGTCCTATAG-1-37_s3,1,0,-1,0,0
GAACTGTGTAGGCAAC-1-43_s3,-1,-1,0,0,0
ACGATGTCATGCACTA-1-37_s3,-1,-1,0,0,0
ACGGTCGGTTCTATCT-1-40_s3,-1,1,0,-1,1
GGTTGTATCACCCTTG-1-43_s3,-1,-1,0,0,0
AGAAGCGAGCACTCGC-1-42_s3,-1,1,0,-1,-1
TGAGGTTAGTGGTTAA-1-42_s3,1,0,-1,0,0
GCCAACGAGTCATGCT-1-38_s3,-1,-1,0,0,0
GTCCTCAAGGATACAT-1-36_s3,1,0,1,0,0
GATAGCTAGATTAGTG-1-38_s3,1,0,-1,0,0
CACGTGGGTTCAAGTC-1-41_s3,-1,1,0,1,0
TAGATCGTCGATCCCT-1-38_s3,1,0,-1,0,0
CCCTCAAAGAGAGCGG-1-43_s3,-1,1,0,-1,-1
CCGTAGGAGAGTATAC-1-43_s3,-1,1,0,-1,1
TCGCTCACATGTCTAG-1-38_s3,-1,-1,0,0,0
TACCCACTCGTAGGAG-1-38_s3,-1,-1,0,0,0
ATGTCTTCAGAGAGGG-1-43_s3,-1,1,0,1,0
GCTACAAAGCAAATGT-1-42_s3,-1,-1,0,0,0
AGCCAATGTATGACAA-1-42_s3,-1,1,0,1,0
TTGAGTGAGTGAGCCA-1-42_s3,1,0,-1,0,0
TGAGACTGTCACTCTC-1-37_s3,-1,1,0,-1,1
ATCCCTGCATCAGCTA-1-39_s3,-1,1,0,-1,-1
TCAAGTGTCATCGCCT-1-41_s3,-1,1,0,-1,1
GACCAATTCAAACTGC-1-40_s3,-1,1,0,-1,-1
TGATGGTTCCAGTGTA-1-43_s3,1,0,-1,0,0
AATGGAAAGGTGGGTT-1-40_s3,-1,1,0,-1,1
GGGTTTAGTATTCCTT-1-40_s3,1,0,-1,0,0
TTTATGCCAGACCCGT-1-41_s3,-1,1,0,-1,1
ACAAAGACAATTGAGA-1-42_s3,-1,1,0,-1,-1
ATGGATCCAATGAGCG-1-43_s3,1,0,-1,0,0
GTGATGTAGGTCGTGA-1-41_s3,1,0,-1,0,0
GTCTGTCAGGACTGGT-1-40_s3,1,0,-1,0,0
TCAGTTTTCCACTTCG-1-39_s3,-1,1,0,-1,1
ACAGGGATCGGTCTGG-1-40_s3,1,0,-1,0,0
AAGCGTTCACGGTCTG-1-38_s3,-1,1,0,-1,-1
TTCCGGTCAGTTCCAA-1-36_s3,-1,-1,0,0,0
GCGGATCGTAGGGAGG-1-41_s3,1,0,-1,0,0
GCATGATAGTAGAGTT-1-36_s3,-1,1,0,-1,-1
CGATGGCGTCGTAATC-1-40_s3,1,0,-1,0,0
TCAGGTAGTTCTCCAC-1-43_s3,1,0,-1,0,0
TCTTAGTCAGTGTGGA-1-39_s3,1,0,-1,0,0
CGAGTTATCTTCCAGC-1-43_s3,-1,1,0,1,0
GTCAAACCAATCGCGC-1-40_s3,1,0,-1,0,0
ACCATTTAGACTACCT-1-38_s3,-1,1,0,-1,1
TAGGAGGTCGCTGATA-1-37_s3,-1,1,0,-1,1
TACATTCCATTGTAGC-1-41_s3,-1,-1,0,0,0
CCACGTTTCGCCTAGG-1-42_s3,-1,-1,0,0,0
TTGCATTAGTAATACG-1-43_s3,-1,-1,0,0,0
CACTGAAAGTCGAAGC-1-40_s3,-1,-1,0,0,0
GAGTCTATCTGCTAGA-1-36_s3,-1,1,0,-1,-1
CTTAGGAAGACGCAGT-1-41_s3,-1,1,0,-1,-1
GTCTGTCAGAATCGTA-1-37_s3,1,0,-1,0,0
CAGCAATAGGATGCGT-1-37_s3,-1,1,0,-1,1
TCATGTTCAGCATTGT-1-43_s3,-1,1,0,-1,1
GCATTAGGTGGTATGG-1-42_s3,-1,1,0,-1,-1
CTCTGGTAGGCTATCT-1-43_s3,-1,-1,0,0,0
CACCAAATCCGTGGGT-1-42_s3,-1,1,0,-1,1
GGTGTTAGTACACGCC-1-43_s3,1,0,-1,0,0
GGAACCCGTGCTTATG-1-43_s3,-1,1,0,-1,1
TTCTTCCTCTAACGGT-1-37_s3,-1,1,0,-1,-1
AATGGAATCTTCCAGC-1-42_s3,-1,1,0,-1,1
GGTGAAGCAAATTGGA-1-42_s3,-1,-1,0,0,0
GAGACTTTCCTCACCA-1-36_s3,-1,1,0,-1,-1
GATGGAGGTTAATCGC-1-43_s3,-1,1,0,1,0
CTGTGAACAGACCAGA-1-37_s3,-1,-1,0,0,0
TTGATGGCAACCGCCA-1-38_s3,-1,1,0,-1,1
AAAGTCCTCCGATGCG-1-43_s3,-1,1,0,-1,1
CCGTAGGAGTGGTGAC-1-42_s3,-1,1,0,-1,-1
TGAGCGCAGCATGCAG-1-40_s3,-1,1,0,-1,1
TGACAGTGTGCCGGTT-1-36_s3,-1,-1,0,0,0
GCATCTCCAACTGAAA-1-42_s3,-1,-1,0,0,0
AGGGTTTTCATGGAGG-1-37_s3,-1,1,0,1,0
ATAGACCTCATACGGT-1-41_s3,-1,1,0,-1,-1
ACCACAAAGTGGAAGA-1-38_s3,-1,1,0,-1,1
GCTGGGTCAGACAATA-1-39_s3,-1,1,0,1,0
AGCGCTGGTCCACATA-1-42_s3,1,0,-1,0,0
GTCTCACAGAGCATTA-1-37_s3,-1,-1,0,0,0
GACACGCGTCTTCTAT-1-43_s3,1,0,-1,0,0
GTGTAACGTGAGCAGT-1-40_s3,-1,1,0,-1,1
ATTGGGTGTTGGCCTG-1-43_s3,-1,1,0,1,0
CTGCTCAGTTTCACAG-1-42_s3,-1,1,0,-1,1
GGGCTCAAGAGCAAGA-1-40_s3,-1,-1,0,0,0
CTAAGTGAGATTGATG-1-41_s3,-1,1,0,1,0
GGGTGTCTCTGGCTGG-1-36_s3,-1,1,0,-1,-1
CGGGTCAGTGGCTACC-1-37_s3,-1,1,0,-1,1
CCTTTGGCAGTTTCGA-1-37_s3,1,0,-1,0,0
TCAAGCAGTGCATGTT-1-43_s3,-1,1,0,1,0
GTTGTCCGTTTCGCTC-1-39_s3,-1,1,0,1,0
ATCAGGTCACTACTTT-1-39_s3,-1,-1,0,0,0
CGTAAGTTCAGCAGAG-1-43_s3,1,0,-1,0,0
AACACACGTTCCGCTT-1-39_s3,1,0,-1,0,0
AGTCAACTCCCTCGAT-1-42_s3,1,0,-1,0,0
CCGTTCAAGTCGGCCT-1-41_s3,-1,-1,0,0,0
GAAATGAGTTAGGCTT-1-43_s3,1,0,-1,0,0
GCAGCCATCTAGGCCG-1-43_s3,-1,1,0,-1,-1
GACTCAAAGTCATAGA-1-40_s3,-1,-1,0,0,0
GATGCTATCGTTAGTG-1-36_s3,1,0,-1,0,0
GAAGGGTGTACTAACC-1-42_s3,-1,1,0,-1,-1
TGATTCTCATTCTCCG-1-36_s3,-1,-1,0,0,0
ACTTCCGCACTCTCGT-1-41_s3,-1,1,0,-1,1
GTAACACTCCTGGCTT-1-39_s3,-1,1,0,-1,1
CCGGTGATCCTGTAGA-1-41_s3,-1,1,0,-1,-1
ACTATTCTCGCTAAAC-1-38_s3,1,0,-1,0,0
TGTCCTGCATCATGAC-1-41_s3,1,0,-1,0,0
GGAGGTATCATGCTAG-1-40_s3,1,0,-1,0,0
TTACGTTCATGGACAG-1-43_s3,-1,1,0,-1,1
TTCAATCCATAGCTGT-1-40_s3,-1,-1,0,0,0
GGGTATTGTAAGGAGA-1-39_s3,-1,-1,0,0,0
GTGACGCGTCGATGCC-1-39_s3,-1,-1,0,0,0
TGCGGGTTCCGATGTA-1-43_s3,-1,1,0,-1,-1
GCCCAGAGTTGAAGTA-1-39_s3,-1,1,0,-1,1
CCCTAACAGTGTGTTC-1-41_s3,1,0,-1,0,0
AATGAAGTCGACCACG-1-36_s3,-1,-1,0,0,0
ACCAAACCATCCGTTC-1-43_s3,-1,1,0,-1,-1
TTACAGGAGACCGTTT-1-36_s3,-1,1,0,-1,-1
GGAGCAAAGCTGCGAA-1-39_s3,1,0,1,0,0
TCTTTGACAATGCTCA-1-39_s3,-1,1,0,-1,-1
AATGAAGTCAGTGCGC-1-36_s3,-1,1,0,-1,-1
ATTTACCAGTAGTCAA-1-40_s3,1,0,-1,0,0
CTACCTGGTAGCGTCC-1-43_s3,-1,1,0,1,0
AATTTCCTCGCATAGT-1-41_s3,1,0,-1,0,0
TGTGGCGCATACAGCT-1-37_s3,-1,-1,0,0,0
CGCATGGAGAGGCTGT-1-41_s3,-1,1,0,-1,-1
AGGCTGCCAACGGGTA-1-36_s3,1,0,-1,0,0
ATCGTAGTCGTCCATC-1-42_s3,1,0,-1,0,0
AATGGCTAGGTACTGG-1-39_s3,-1,-1,0,0,0
GTCATTTCACGATAGG-1-36_s3,-1,-1,0,0,0
GCGGAAAGTTGTACGT-1-36_s3,1,0,-1,0,0
GGAGCAAAGGCCTTGC-1-42_s3,-1,-1,0,0,0
AGGTGTTGTCGGTGTC-1-39_s3,-1,-1,0,0,0
GCATGATGTTTGGAAA-1-39_s3,1,0,-1,0,0
GATCACAGTGTCTAAC-1-36_s3,-1,1,0,-1,-1
CGGAACCTCGTCGGGT-1-42_s3,1,0,-1,0,0
CTGCCATGTCACTCGG-1-41_s3,-1,1,0,1,0
CAGATCACAGATTTCG-1-38_s3,-1,1,0,-1,1
TTACGCCAGGTGCTTT-1-36_s3,-1,1,0,-1,1
TCAGTGATCGGAAGGT-1-41_s3,-1,1,0,-1,1
GAAGGGTAGTGCACTT-1-40_s3,1,0,-1,0,0
TACAGGTAGGACAACC-1-42_s3,-1,1,0,-1,1
TCATTCATCTAGTCAG-1-40_s3,-1,1,0,-1,1
ACGATCAGTCCACATA-1-39_s3,-1,1,0,-1,-1
AGAGAGCAGCTGTGCC-1-39_s3,-1,1,0,-1,1
GCCCAGAAGGGCAGGA-1-42_s3,-1,1,0,1,0
AGGACGAGTTCCTACC-1-42_s3,-1,1,0,1,0
ATTACTCGTATAGGAT-1-42_s3,1,0,-1,0,0
AGAAATGAGAAGTGTT-1-39_s3,-1,1,0,-1,1
TCCATCGGTCAGACGA-1-42_s3,-1,1,0,-1,-1
TTCATGTGTCTAACGT-1-37_s3,-1,1,0,-1,1
CAATACGGTCCTCCAT-1-37_s3,-1,1,0,-1,1
CAGCAGCCACTTCTCG-1-36_s3,-1,1,0,-1,1
CTCTGGTAGGGCAAGG-1-36_s3,1,0,-1,0,0
ACAAGCTTCCATACTT-1-36_s3,-1,1,0,-1,1
CCTAAGATCGTCGACG-1-43_s3,1,0,1,0,0
GTGAGGAGTTGTATGC-1-36_s3,1,0,-1,0,0
TCGACGGTCCATGAGT-1-42_s3,-1,1,0,-1,-1
GAACACTTCCGATAAC-1-41_s3,-1,1,0,-1,-1
ATCGTAGCAGGTACGA-1-40_s3,-1,1,0,-1,1
GGGACCTAGCGAACTG-1-36_s3,-1,1,0,-1,-1
TGTTACTGTTTCGCTC-1-43_s3,-1,1,0,1,0
GCTGGGTAGCGCCGTT-1-37_s3,-1,-1,0,0,0
ACTGTCCCATTGCCGG-1-39_s3,-1,1,0,-1,1
AGAGCCCAGTCTGTAC-1-40_s3,-1,1,0,-1,1
GTACAGTGTCTCAGAT-1-40_s3,1,0,-1,0,0
ATGGATCAGCAATAGT-1-40_s3,-1,-1,0,0,0
GAATCACAGGTCATTC-1-41_s3,1,0,-1,0,0
CAATACGTCACAGAGG-1-42_s3,-1,1,0,1,0
TCGGTCTCAGAGTCAG-1-36_s3,-1,1,0,-1,-1
GCGTGCAAGCCAAGGT-1-39_s3,1,0,-1,0,0
TTAGGCATCACGTAGT-1-39_s3,1,0,-1,0,0
TTCCGGTTCCGTGTAA-1-42_s3,-1,1,0,-1,1
ATTCCCGAGGGAGATA-1-43_s3,-1,1,0,1,0
ATCATTCAGACGGAAA-1-42_s3,1,0,1,0,0
GATCACAGTGTCATGT-1-39_s3,1,0,-1,0,0
CGTGTCTTCTGACGCG-1-43_s3,-1,1,0,1,0
TGCTGAAAGGTCACTT-1-40_s3,-1,-1,0,0,0
GTCATGACAAACTAAG-1-38_s3,-1,1,0,-1,1
CTCAGAAGTCTGTCAA-1-38_s3,1,0,-1,0,0
GGAACCCTCCTAGAGT-1-41_s3,1,0,-1,0,0
TCGGGTGAGAGCATCG-1-41_s3,1,0,-1,0,0
TACCTGCCAACTGCCG-1-41_s3,-1,1,0,-1,-1
GCGATCGAGATACAGT-1-39_s3,-1,1,0,-1,1
CCACACTAGGGCTAAC-1-42_s3,-1,1,0,-1,1
GTTGAACGTCCAGCAC-1-42_s3,-1,1,0,-1,-1
TTCTCTCAGTATTGCC-1-38_s3,1,0,-1,0,0
AGGGAGTCATCGCCTT-1-39_s3,-1,1,0,1,0
CCTGCATGTGAGTAGC-1-42_s3,1,0,-1,0,0
TACTGCCTCAATCTCT-1-43_s3,1,0,-1,0,0
AATCACGAGAGGGTCT-1-39_s3,1,0,-1,0,0
TATTCCAGTTCGAACT-1-36_s3,-1,1,0,1,0
GCATGATCATGGACAG-1-43_s3,-1,1,0,-1,1
CATTCATGTTAACCTG-1-37_s3,-1,1,0,-1,-1
CGGGTCACAGTTGGTT-1-36_s3,-1,-1,0,0,0
ACCTGTCGTTTAAGGA-1-41_s3,-1,-1,0,0,0
TTGTTCATCCGTGTAA-1-40_s3,1,0,-1,0,0
ATCGCCTAGTCATTGC-1-37_s3,1,0,-1,0,0
CATACTTGTCCACACG-1-43_s3,-1,-1,0,0,0
CCGATGGTCTGTGCTC-1-42_s3,-1,1,0,-1,-1
CACAACATCACCATAG-1-39_s3,-1,1,0,-1,1
TAGGTACAGATCACCT-1-37_s3,-1,1,0,-1,1
AAACGAAAGTCCTGTA-1-38_s3,-1,1,0,-1,1
CTTTCAAGTTGCATCA-1-43_s3,-1,1,0,1,0
GATCACAGTCAGGTAG-1-38_s3,-1,1,0,-1,-1
GTTACCCAGCGATGAC-1-41_s3,1,0,-1,0,0
CCAAGCGCAAATGGAT-1-38_s3,-1,1,0,-1,1
TTTGGAGAGAGTCAGC-1-42_s3,-1,1,0,-1,1
AACACACTCCTTCAGC-1-40_s3,1,0,-1,0,0
GAATCACTCATCGCTC-1-42_s3,-1,1,0,-1,1
ACAGAAATCTCACGAA-1-39_s3,-1,1,0,-1,-1
AGACCCGCACGCAAAG-1-43_s3,-1,-1,0,0,0
AGATGCTAGACCACGA-1-42_s3,1,0,-1,0,0
TTTGATCGTTTACGAC-1-37_s3,-1,1,0,-1,-1
CACTTCGCAACGCATT-1-42_s3,-1,1,0,-1,1
CATTTCACAATTGCGT-1-41_s3,-1,1,0,-1,1
CACACAAGTAACGGTG-1-37_s3,-1,1,0,-1,-1
GTAGGAGAGGGTAGCT-1-38_s3,-1,-1,0,0,0
GCAGTTACACTCTAGA-1-36_s3,1,0,-1,0,0
ACATTTCTCGGACTGC-1-41_s3,-1,1,0,-1,1
CTACAGATCCAAGCAT-1-43_s3,-1,-1,0,0,0
CCACGTTAGGCATGGT-1-41_s3,1,0,-1,0,0
CCGTTCATCCGCACTT-1-41_s3,1,0,-1,0,0
GGTCACGCACTAACCA-1-36_s3,-1,-1,0,0,0
GTAGGAGTCAGGAACG-1-40_s3,-1,1,0,-1,1
GGATGTTCACCCAATA-1-42_s3,-1,1,0,-1,-1
AAGACAAGTAAGCAAT-1-40_s3,-1,1,0,1,0
GTCGAATCACTGCGTG-1-42_s3,1,0,-1,0,0
CAACCTCCAAGGTTGG-1-41_s3,-1,-1,0,0,0
GCACATATCCCAATAG-1-38_s3,1,0,-1,0,0
AAGCCATCATCGAAGG-1-37_s3,-1,1,0,-1,-1
CCATAAGGTCGCTTGG-1-41_s3,-1,1,0,-1,1
CTGTGAACAGCACCCA-1-37_s3,-1,1,0,-1,-1
TATCTTGTCCCTCTTT-1-37_s3,-1,-1,0,0,0
ATCACTTGTTCTCGTC-1-40_s3,-1,1,0,1,0
ACTTCGCTCCTTGACC-1-36_s3,-1,-1,0,0,0
GCCCAGATCTAGTTCT-1-37_s3,1,0,-1,0,0
TATCTGTAGCCTGGAA-1-36_s3,-1,-1,0,0,0
TGCTTCGTCTACGCGG-1-38_s3,-1,-1,0,0,0
GTGAGTTCAAGGCAAC-1-37_s3,-1,1,0,-1,1
TTCTTCCAGGCCACTC-1-39_s3,1,0,-1,0,0
GACCGTGCAATTCTCT-1-42_s3,-1,1,0,-1,1
TGAGGGATCTGGCCAG-1-39_s3,-1,1,0,-1,1
GATGTTGTCATGGATC-1-37_s3,-1,-1,0,0,0
CGCATAAAGGAACTAT-1-37_s3,1,0,-1,0,0
ATGCCTCTCGGAGATG-1-41_s3,1,0,-1,0,0
AGGAAATAGCAGGCTA-1-43_s3,1,0,-1,0,0
GCATGATGTCAGTCTA-1-36_s3,-1,-1,0,0,0
TAATTCCAGGTATTGA-1-37_s3,-1,1,0,-1,-1
AGAGCCCAGTCTGCAT-1-40_s3,-1,-1,0,0,0
GAACTGTTCTTGAACG-1-43_s3,-1,1,0,-1,-1
CTACCCACACTACGGC-1-41_s3,-1,1,0,-1,-1
CACAGATTCAATCTCT-1-42_s3,1,0,1,0,0
AGGTTGTAGCGCGTTC-1-39_s3,-1,-1,0,0,0
CATCGGGTCAACGAGG-1-40_s3,-1,-1,0,0,0
GTTCATTCAACCAGAG-1-38_s3,-1,1,0,1,0
TAATTCCTCGAAGCAG-1-37_s3,-1,1,0,-1,-1
ATTGTTCCATGGATCT-1-38_s3,-1,1,0,-1,1
ACAACCAGTGTTCCTC-1-37_s3,-1,1,0,-1,-1
AACCTGACATCATCCC-1-42_s3,-1,1,0,-1,-1
TGGGAAGCAGCTCTGG-1-41_s3,-1,1,0,-1,-1
GTCTACCGTCAAAGAT-1-42_s3,-1,1,0,-1,1
TGATCTTGTACGGTTT-1-36_s3,1,0,-1,0,0
AACAGGGAGGTAGTAT-1-42_s3,1,0,1,0,0
CATACCCTCTACGGGC-1-39_s3,-1,-1,0,0,0
ATGGAGGCAGCTGCCA-1-42_s3,-1,1,0,-1,1
CCCTCAAAGCATGATA-1-42_s3,1,0,1,0,0
AGGTTACGTACAAGTA-1-36_s3,-1,-1,0,0,0
CATACCCCAGCTAACT-1-42_s3,-1,-1,0,0,0
AACAAGAAGGTGAGCT-1-40_s3,1,0,-1,0,0
AAGTACCGTACGTGAG-1-38_s3,1,0,-1,0,0
AACGGGAGTAGTGGCA-1-38_s3,-1,1,0,-1,1
TCTACCGAGGTTGGTG-1-41_s3,-1,1,0,-1,-1
ATCTTCACAGCGACAA-1-42_s3,-1,1,0,-1,1
AGTGACTAGGATACAT-1-37_s3,-1,1,0,1,0
CGGACACCAGCGACCT-1-41_s3,-1,-1,0,0,0
GTCATTTGTCAAATCC-1-37_s3,1,0,-1,0,0
CCGGACACAGTTGTCA-1-36_s3,-1,1,0,-1,-1
TTGGTTTCAGCACGAA-1-37_s3,-1,1,0,1,0
AGGATAATCCGAGAAG-1-38_s3,-1,1,0,-1,-1
GTGTGGCGTTCGCGTG-1-40_s3,-1,1,0,-1,-1
GTATTGGTCGTAACAC-1-37_s3,-1,1,0,-1,1
AGATCGTGTCGTTTCC-1-39_s3,1,0,-1,0,0
CAGGCCAGTATGGAAT-1-43_s3,-1,-1,0,0,0
CAACAGTAGGCACTCC-1-36_s3,-1,-1,0,0,0
GTTGAACAGCCAAGGT-1-36_s3,1,0,-1,0,0
CCTACGTGTCCTGTCT-1-38_s3,1,0,-1,0,0
AGGTCTACATAATCCG-1-38_s3,1,0,-1,0,0
GGAGAACTCGCTCTCA-1-38_s3,1,0,-1,0,0
AGGTCATTCTCAGTCC-1-42_s3,-1,-1,0,0,0
TCACGGGAGCATGGGT-1-42_s3,-1,1,0,-1,-1
CGCCAGATCGGTCACG-1-39_s3,-1,1,0,-1,1
TTCCAATAGGTCGTCC-1-37_s3,-1,1,0,-1,1
GTCGTTCCACTGCATA-1-41_s3,1,0,-1,0,0
ACATCCCTCCAAGCCG-1-38_s3,1,0,-1,0,0
GTGCTGGCACGGTAGA-1-43_s3,-1,1,0,-1,1
GAACGTTGTCGGTGTC-1-41_s3,1,0,-1,0,0
AGGTAGGCACGTAACT-1-43_s3,-1,1,0,-1,-1
CTCTGGTGTGGTCTTA-1-42_s3,-1,1,0,-1,-1
CGGACACTCGCCATAA-1-39_s3,-1,1,0,-1,1
TGTGAGTAGGCCATAG-1-43_s3,-1,-1,0,0,0
TTTACTGGTTGACTAC-1-41_s3,-1,1,0,1,0
CCTTCAGCAGCTACCG-1-43_s3,-1,-1,0,0,0
TCCTTTCCAGGCGTTC-1-38_s3,-1,-1,0,0,0
GCGAGAATCGCTGATA-1-43_s3,1,0,-1,0,0
CTTCCTTGTAGCTGTT-1-43_s3,-1,-1,0,0,0
CAGTTCCCATAATCGC-1-40_s3,-1,-1,0,0,0
CGTTGGGGTAGCGTTT-1-41_s3,-1,1,0,-1,-1
TCCCAGTAGTAGGAAG-1-42_s3,-1,1,0,-1,1
GGGCGTTTCCCGTTGT-1-37_s3,-1,-1,0,0,0
TAGGAGGCAGAACTAA-1-41_s3,-1,1,0,-1,1
TTTATGCCAGCTGTAT-1-40_s3,1,0,-1,0,0
TCGGTCTGTTCTCCTG-1-39_s3,-1,1,0,-1,-1
AATGGAAAGGGTTAAT-1-39_s3,-1,1,0,-1,1
CATGCCTTCACTGATG-1-41_s3,-1,1,0,-1,-1
AGAGCCCGTCGAAGCA-1-43_s3,-1,1,0,-1,1
TACCCACCAATACGAA-1-40_s3,-1,-1,0,0,0
CGGGTCATCTCCTGCA-1-39_s3,1,0,-1,0,0
TCCGGGAGTTGAGGAC-1-37_s3,-1,1,0,-1,-1
ATTGTTCTCGTCTACC-1-38_s3,1,0,-1,0,0
ACGTACAAGAGGGTCT-1-42_s3,-1,1,0,-1,-1
TACCGAACATGAAAGT-1-43_s3,-1,-1,0,0,0
CACCGTTAGGGTTTCT-1-42_s3,1,0,-1,0,0
GAGCCTGCAGAACATA-1-38_s3,1,0,-1,0,0
GTCCTCATCGAAGCCC-1-40_s3,1,0,-1,0,0
CTGGTCTCAGCATTGT-1-39_s3,-1,1,0,1,0
GAAGTAAAGTCAACAA-1-41_s3,-1,1,0,-1,-1
TGGGATTCATATCTGG-1-42_s3,-1,1,0,-1,-1
TTTCAGTAGGCACTCC-1-36_s3,-1,1,0,-1,-1
CCAAGCGGTTCACCGG-1-41_s3,-1,1,0,-1,-1
GTGAGCCAGATTAGCA-1-39_s3,-1,1,0,-1,1
GTTCGCTAGCGAGAAA-1-43_s3,-1,1,0,-1,-1
TACACCCCACCCTAAA-1-38_s3,1,0,-1,0,0
AGAGCAGAGTAGAGTT-1-36_s3,-1,-1,0,0,0
ACTGTGAGTTCTAACG-1-38_s3,-1,1,0,-1,1
TTTCATGTCAGACCGC-1-36_s3,1,0,-1,0,0
TCTACATAGCGAAACC-1-37_s3,-1,1,0,-1,1
TCGCTTGTCAGGACGA-1-40_s3,-1,1,0,-1,1
TCGAAGTTCTGGGTCG-1-41_s3,-1,1,0,-1,-1
GACCCTTCACCAATTG-1-39_s3,-1,1,0,-1,-1
TTCCTTCCAGGCATTT-1-41_s3,-1,1,0,1,0
CTCCTTTCAAACAGGC-1-38_s3,1,0,-1,0,0
GTAGAAAGTCATACCA-1-42_s3,-1,-1,0,0,0
ATAGGCTGTGACATCT-1-42_s3,-1,1,0,-1,1
AAACGAAAGCAAGTCG-1-36_s3,-1,1,0,-1,-1
GCTACCTTCATGAGAA-1-38_s3,-1,-1,0,0,0
ATCGTGATCCGAACGC-1-37_s3,-1,1,0,-1,-1
AGACAAAAGCCTAGGA-1-38_s3,-1,1,0,-1,1
GCCCGAACACGCCAGT-1-43_s3,-1,1,0,-1,-1
GAAGGACCAGACACCC-1-41_s3,-1,1,0,-1,-1
TCACAAGTCTGTCGCT-1-36_s3,-1,1,0,1,0
ATGTCTTTCACTGAAC-1-42_s3,1,0,-1,0,0
GAGTGTTTCGACCAAT-1-42_s3,-1,-1,0,0,0
ACTGTGAAGCACTCTA-1-42_s3,-1,1,0,-1,-1
CATGCTCTCAGGAAAT-1-42_s3,-1,1,0,-1,1
GGCACGTTCTGCTAGA-1-41_s3,-1,1,0,-1,-1
TCAAGCAAGAGTCTTC-1-43_s3,1,0,-1,0,0
GAAGGGTTCTCTGCCA-1-37_s3,-1,-1,0,0,0
GTAGAGGAGTAACAGT-1-39_s3,1,0,-1,0,0
CTGCAGGAGCCTCACG-1-36_s3,-1,-1,0,0,0
GCATGATGTGTCATTG-1-40_s3,1,0,-1,0,0
GTGATGTCAGTCAACT-1-41_s3,-1,1,0,-1,-1
CATCGGGCAACTAGAA-1-38_s3,-1,-1,0,0,0
TTAGTCTTCATTCGGA-1-42_s3,-1,1,0,-1,-1
TGGGCTGTCACCTGGG-1-39_s3,-1,1,0,1,0
ATACTTCAGATGGCGT-1-41_s3,1,0,-1,0,0
AACAACCAGGTCCAGA-1-42_s3,-1,1,0,-1,-1
AATGAAGCAAGCCATT-1-41_s3,1,0,-1,0,0
ATCATTCAGCATCTTG-1-42_s3,1,0,-1,0,0
CTCAATTCAACTTGCA-1-36_s3,1,0,-1,0,0
TTGCATTAGTAAGGGA-1-40_s3,-1,-1,0,0,0
ATTTACCTCATTTACC-1-43_s3,-1,-1,0,0,0
AGTAGTCGTGAGTGAC-1-41_s3,-1,1,0,-1,-1
GCTTCACAGCGAATGC-1-40_s3,-1,1,0,-1,1
TGTTCCGAGCTAGAAT-1-36_s3,-1,1,0,-1,1
GGGCTCAAGATGTTCC-1-41_s3,1,0,-1,0,0
TCATTACTCGAGCACC-1-42_s3,-1,1,0,-1,-1
CGAGGAATCCTTATAC-1-41_s3,-1,-1,0,0,0
CAGCAGCCACACGCCA-1-40_s3,-1,1,0,-1,1
CTTCGGTGTCTGTCAA-1-39_s3,-1,-1,0,0,0
TGACGCGGTTGTCCCT-1-42_s3,-1,-1,0,0,0
ACAGCCGAGGCTAGCA-1-39_s3,1,0,-1,0,0
GACCTTCCAAGCCTGC-1-40_s3,-1,1,0,-1,1
ATCACAGAGCTAGAGC-1-39_s3,1,0,-1,0,0
AGACCCGCAAGATCCT-1-38_s3,-1,-1,0,0,0
CCACCATCAGTTCTAG-1-42_s3,-1,1,0,-1,-1
GGGATGAGTAGGCAAC-1-37_s3,-1,1,0,-1,1
TCCGAAAGTGCTTATG-1-40_s3,1,0,-1,0,0
CCTTCAGGTGAGACGT-1-38_s3,1,0,-1,0,0
CATGAGTCAAACACCT-1-39_s3,-1,1,0,-1,-1
GTACAGTCAGCCTATA-1-38_s3,1,0,-1,0,0
TACAGGTTCTGGGTCG-1-42_s3,-1,1,0,-1,-1
GATAGAATCTGTCTCG-1-39_s3,1,0,-1,0,0
AGACCCGGTACAAAGT-1-36_s3,1,0,-1,0,0
GTGCGTGCATCCGATA-1-39_s3,1,0,-1,0,0
CCCTCTCGTACTTCCC-1-42_s3,-1,1,0,1,0
CGAAGTTTCACTGATG-1-40_s3,-1,1,0,1,0
CTGCAGGTCACCTCTG-1-43_s3,-1,1,0,-1,-1
ACTTTCATCGCCATAA-1-38_s3,-1,1,0,-1,1
AGACCCGCAGAGTCTT-1-43_s3,-1,1,0,-1,-1
GTGGCGTAGTGGAAGA-1-38_s3,-1,1,0,-1,-1
GTCGTTCTCTCTAAGG-1-39_s3,1,0,-1,0,0
CACAACAAGGGTCACA-1-37_s3,-1,1,0,-1,-1
CAGCACGCAGTCTGGC-1-40_s3,-1,-1,0,0,0
TAGACTGTCTGTGCTC-1-43_s3,-1,1,0,-1,-1
AGGGTGAAGTTGGACG-1-43_s3,1,0,-1,0,0
TGTTACTAGCTCTGTA-1-40_s3,1,0,-1,0,0
AAAGGATAGCGCCCAT-1-40_s3,1,0,-1,0,0
TCCTTTCCAATAGAGT-1-39_s3,-1,-1,0,0,0
GTCGCGAGTCAGTCGC-1-38_s3,-1,1,0,-1,1
GTGATGTAGCGACTGA-1-42_s3,-1,-1,0,0,0
AGTGACTAGCTAGATA-1-40_s3,-1,1,0,-1,1
AAGCGTTGTTACGCCG-1-39_s3,-1,1,0,-1,-1
CTGTAGAAGGTCACTT-1-36_s3,1,0,-1,0,0
TGGGTTAGTATCGGTT-1-42_s3,1,0,1,0,0
GTCATCCTCCGGACGT-1-42_s3,-1,1,0,-1,-1
GTAGGAGAGGTTTACC-1-38_s3,1,0,-1,0,0
TATTTCGAGTGAGGTC-1-42_s3,1,0,-1,0,0
CAGAGCCCATGAAAGT-1-43_s3,1,0,-1,0,0
TAGGTTGAGCCAAGCA-1-42_s3,1,0,-1,0,0
TATCGCCGTGTTCGAT-1-43_s3,-1,1,0,-1,-1
ACCGTTCTCTTACACT-1-41_s3,-1,1,0,-1,1
GACGCTGTCGCGATCG-1-37_s3,-1,-1,0,0,0
TTCCGGTTCTGGAGAG-1-36_s3,-1,1,0,-1,-1
GCGAGAATCGACATCA-1-39_s3,1,0,-1,0,0
ATTCCCGGTTGGGATG-1-40_s3,1,0,-1,0,0
CGAGGCTGTTGTTGCA-1-43_s3,1,0,-1,0,0
GAGATGGTCCGTAGGC-1-38_s3,-1,1,0,-1,1
TGGGCGTGTGCAGTGA-1-38_s3,1,0,-1,0,0
GGTGTCGGTGATAGTA-1-43_s3,-1,1,0,-1,1
AATCACGGTGAGAGGG-1-42_s3,-1,1,0,-1,-1
AGATGCTTCTGAGTCA-1-37_s3,-1,1,0,1,0
CTGTACCGTACCTGTA-1-38_s3,1,0,-1,0,0
CAGGTATTCTCATTTG-1-40_s3,-1,1,0,1,0
TAACGACCAGCACGAA-1-37_s3,1,0,-1,0,0
TCAGGGCTCCGGCAGT-1-40_s3,-1,-1,0,0,0
CTACTATGTGTGAGCA-1-37_s3,-1,1,0,-1,-1
TATCTGTCACATATCG-1-42_s3,-1,1,0,-1,-1
AGACACTAGTGGAATT-1-38_s3,-1,1,0,1,0
AAGATAGTCCCATACC-1-38_s3,1,0,-1,0,0
GCCAGCAAGTGCTAGG-1-36_s3,-1,1,0,-1,-1
GTAACCAGTGTCGATT-1-36_s3,1,0,-1,0,0
GGTAACTTCGTGTTCC-1-42_s3,-1,1,0,-1,1
GATGAGGGTGCGTCGT-1-41_s3,-1,-1,0,0,0
CCTTCAGTCGCCGAAC-1-43_s3,-1,1,0,-1,-1
TGCATCCTCCCTCTAG-1-42_s3,-1,1,0,-1,-1
GATTCTTGTTCGGCGT-1-38_s3,1,0,-1,0,0
ACAGCCGGTACTGCCG-1-39_s3,1,0,-1,0,0
CTAAGTGTCATACGAC-1-38_s3,-1,1,0,-1,-1
TTGCGTCTCGACATTG-1-36_s3,-1,1,0,-1,1
TCGTCCAAGCGGGTTA-1-36_s3,-1,1,0,-1,-1
GGTTGTATCGCGATCG-1-40_s3,1,0,-1,0,0
AGTACTGCATATGCGT-1-36_s3,-1,1,0,-1,-1
TGGGTTAAGAATCCCT-1-41_s3,-1,1,0,-1,1
GTTGTCCGTAGACAGC-1-43_s3,-1,1,0,-1,-1
GTGCACGCACGTGAGA-1-39_s3,-1,1,0,1,0
CGAGTGCGTCAATCTG-1-40_s3,1,0,-1,0,0
TGATCTTCAACACGAG-1-39_s3,-1,1,0,-1,1
GGGTTTATCCGATGTA-1-41_s3,-1,1,0,-1,1
GGTGAAGTCGCAGAGA-1-39_s3,-1,1,0,-1,-1
TTCCTTCAGTCGGCAA-1-40_s3,1,0,-1,0,0
TTTGTTGAGGAGCAAA-1-38_s3,-1,1,0,-1,-1
CTCAAGAAGGGTATAT-1-43_s3,-1,1,0,-1,1
TTACAGGAGATCGCCC-1-41_s3,-1,1,0,-1,1
GAGAGGTAGTTGCGCC-1-40_s3,-1,1,0,-1,1
ATGGATCTCAAGATAG-1-42_s3,1,0,-1,0,0
CAAGAGGCACCGTCGA-1-40_s3,-1,1,0,-1,1
ATGAGGGTCCTGTACC-1-39_s3,1,0,-1,0,0
GGGTTTAAGATTACCC-1-37_s3,1,0,-1,0,0
TACCCACCACTACAGT-1-42_s3,-1,-1,0,0,0
GTACAGTTCTTAGCTT-1-40_s3,-1,1,0,-1,1
GATTGGTAGATGAAGG-1-43_s3,1,0,-1,0,0
ACCGTTCTCCCTTGGT-1-36_s3,-1,1,0,-1,-1
TTGTTTGAGCCGAACA-1-40_s3,-1,1,0,-1,1
ACCAAACAGGACGCAT-1-43_s3,-1,1,0,-1,1
TAGACTGCAGGAGACT-1-37_s3,-1,1,0,1,0
CGTTGGGAGTCTCCTC-1-39_s3,-1,1,0,-1,-1
ACTCTCGGTCGTATTG-1-36_s3,-1,-1,0,0,0
CTCCATGTCTCGCTCA-1-36_s3,-1,1,0,-1,-1
ATATCCTGTACAAGCG-1-40_s3,-1,1,0,-1,-1
AGCTCAATCCGCTAGG-1-39_s3,-1,1,0,-1,1
CCCTAACTCATTGAGC-1-37_s3,1,0,-1,0,0
GTCCCATAGGCGTTAG-1-41_s3,-1,1,0,1,0
CAACGATGTACCTTCC-1-37_s3,-1,1,0,-1,-1
GAGCTGCTCAACCGAT-1-41_s3,-1,1,0,-1,-1
CATCGTCTCTGAGCAT-1-40_s3,-1,-1,0,0,0
CTATAGGCACGGCACT-1-41_s3,-1,-1,0,0,0
ACAAAGACACCCTATC-1-36_s3,1,0,-1,0,0
TCAAGACGTTAGCTAC-1-37_s3,1,0,-1,0,0
TCTACCGCAAAGGTTA-1-42_s3,-1,1,0,-1,1
CAACCTCAGCAGCGAT-1-42_s3,-1,1,0,-1,-1
GCGGATCGTCGTCATA-1-36_s3,-1,1,0,-1,-1
CCACGAGGTGGTTTAC-1-38_s3,-1,1,0,-1,1
TCCTCTTGTGAATATG-1-40_s3,1,0,-1,0,0
CCTCTAGTCACTGTTT-1-39_s3,-1,1,0,-1,-1
TCTACATGTAACATGA-1-43_s3,-1,1,0,-1,1
TTTGGTTAGCCAAGCA-1-42_s3,-1,1,0,-1,1
AAGGAATGTGCTGTCG-1-41_s3,-1,1,0,-1,-1
GATGGAGCAGTAGAAT-1-39_s3,-1,1,0,-1,1
ATGCCTCGTAGATGTA-1-41_s3,1,0,-1,0,0
GTCAAGTGTCATCCCT-1-36_s3,-1,1,0,-1,1
ATGGTTGCACTGTCCT-1-39_s3,-1,1,0,-1,-1
TAGTGCAGTCTCCCTA-1-43_s3,1,0,-1,0,0
ACAAAGACAGATCCTA-1-39_s3,-1,-1,0,0,0
GTATTTCTCTTAGGAC-1-41_s3,1,0,-1,0,0
CATGAGTAGCGAGGAG-1-37_s3,-1,1,0,-1,-1
TGTTCCGGTCCGAAAG-1-38_s3,-1,1,0,-1,-1
GTCTAGAGTTCTAACG-1-43_s3,-1,1,0,-1,-1
GAGTCTAGTCCGGCAT-1-38_s3,1,0,-1,0,0
CGTGTCTCACGCGCAT-1-40_s3,1,0,-1,0,0
CAGTTCCCAACGCATT-1-37_s3,-1,1,0,-1,1
ATGAGTCTCATATGGC-1-42_s3,-1,1,0,-1,-1
CTGCTCACAGCTCATA-1-36_s3,-1,1,0,-1,1
GTAGCTAAGCGGATCA-1-38_s3,-1,1,0,-1,-1
CGCCAGACAATCTGCA-1-40_s3,-1,1,0,-1,-1
CATGAGTCAGGCCTGT-1-41_s3,-1,1,0,-1,1
ACGATCACATTACGGT-1-38_s3,-1,1,0,-1,1
ATCGCCTGTATTTCTC-1-43_s3,1,0,-1,0,0
AAGTTCGAGTGAATAC-1-38_s3,-1,1,0,-1,-1
GGAATCTAGTAAACAC-1-40_s3,1,0,-1,0,0
GGTCTGGGTATTTCTC-1-38_s3,-1,1,0,-1,-1
CTCATCGCATTACGGT-1-37_s3,1,0,-1,0,0
CTCCACAGTCATCCGG-1-40_s3,-1,-1,0,0,0
AATCGACTCTAGGCAT-1-38_s3,-1,-1,0,0,0
TTAGGGTCAGCAGATG-1-42_s3,-1,1,0,1,0
GCTACAAAGATCCGAG-1-41_s3,-1,1,0,-1,-1
CTCAAGACAAAGCTAA-1-43_s3,1,0,-1,0,0
AGATAGAAGACGGTCA-1-42_s3,-1,-1,0,0,0
GTCTTTAGTGTAACGG-1-39_s3,-1,1,0,-1,-1
GATGTTGAGTGCAACG-1-36_s3,-1,1,0,-1,-1
CGATGGCGTCGGTAAG-1-42_s3,1,0,-1,0,0
ATGTCCCAGCGGTATG-1-36_s3,-1,1,0,-1,-1
TTTACCAGTCTTAGTG-1-42_s3,-1,-1,0,0,0
TCTATCATCATGCATG-1-37_s3,-1,-1,0,0,0
GATCCCTAGCATGAAT-1-43_s3,-1,1,0,-1,-1
AACTTCTGTTGCCATA-1-42_s3,1,0,-1,0,0
ACTTTGTTCATCCTGC-1-37_s3,-1,-1,0,0,0
CTTTCAAAGAGCATTA-1-37_s3,-1,1,0,-1,1
CGGCAGTTCGTTCCTG-1-41_s3,-1,1,0,-1,-1
TCAGCCTGTCAGATTC-1-40_s3,-1,-1,0,0,0
GTTGCTCCAATCTAGC-1-41_s3,-1,1,0,1,0
CGCATGGTCCACTGAA-1-42_s3,-1,1,0,-1,-1
AGAAATGAGTTTGGCT-1-42_s3,1,0,-1,0,0
ACGTACAAGAGCTGAC-1-40_s3,-1,1,0,-1,-1
ATCGGCGAGTTTGGCT-1-43_s3,1,0,-1,0,0
CTGGACGCACACCGCA-1-42_s3,-1,-1,0,0,0
AGTGACTTCCATTCGC-1-43_s3,-1,1,0,-1,-1
TTGCGTCAGGTACTGG-1-42_s3,-1,1,0,1,0
GTAGATCGTAGGTCAG-1-36_s3,-1,1,0,-1,1
TCATTTGCATGTGCCG-1-36_s3,-1,1,0,-1,1
AGGAAATAGGCAGTCA-1-37_s3,-1,-1,0,0,0
GTGTAACTCTTGGATG-1-43_s3,-1,1,0,-1,1
TGATGCACAACCTAAC-1-42_s3,-1,-1,0,0,0
AGAAGTACAGCATCTA-1-40_s3,-1,1,0,-1,-1
AAAGGATCACAAATGA-1-37_s3,-1,-1,0,0,0
AAGGAATGTACGATCT-1-41_s3,1,0,-1,0,0
CATGCAATCTAGAGCT-1-43_s3,1,0,-1,0,0
CTGGCAGTCACGACTA-1-42_s3,-1,1,0,-1,1
TTGGGATCAGAGTGAC-1-38_s3,-1,-1,0,0,0
CGGGTCATCTAAGCGT-1-38_s3,1,0,-1,0,0
GTATTGGTCATTTGCT-1-41_s3,-1,-1,0,0,0
AACAGGGGTTGTGTTG-1-43_s3,-1,-1,0,0,0
ACGATGTGTACTAAGA-1-43_s3,-1,1,0,-1,1
GACCAATGTTCGGCTG-1-36_s3,-1,1,0,-1,1
AGATGCTTCAGCGGAA-1-38_s3,-1,1,0,1,0
ACACTGAGTAGACAGC-1-43_s3,-1,-1,0,0,0
GCTGCAGAGACTTCAC-1-39_s3,1,0,-1,0,0
AGCCAGCCAGGCATGA-1-39_s3,1,0,-1,0,0
GTTTACTGTCAAAGAT-1-42_s3,-1,1,0,1,0
GACCCAGAGGCGAAGG-1-37_s3,-1,-1,0,0,0
AGACAAACACCCTGAG-1-36_s3,-1,-1,0,0,0
TCGATTTCACATGACT-1-43_s3,-1,1,0,-1,1
TGGGCGTTCTCGAACA-1-39_s3,-1,1,0,-1,1
AATTTCCAGATCACTC-1-39_s3,-1,1,0,-1,-1
GGTTAACCAATCTCTT-1-42_s3,-1,1,0,-1,-1
AGAGAGCAGTGGTTAA-1-41_s3,-1,1,0,-1,1
TCCCACAGTCGTACTA-1-36_s3,-1,-1,0,0,0
AGGATAATCAGCGCGT-1-43_s3,-1,1,0,-1,-1
ATACCTTCAGCACAGA-1-40_s3,-1,-1,0,0,0
AAGTTCGAGTTTCAGC-1-40_s3,-1,1,0,-1,1
ACTATGGAGCTTAGTC-1-37_s3,-1,1,0,-1,-1
TGATTTCTCCGTGTAA-1-43_s3,-1,1,0,-1,-1
ATGATCGTCTCCATAT-1-37_s3,-1,1,0,-1,1
CCCATTGCATACCATG-1-42_s3,-1,1,0,-1,1
AGACTCAAGCCTGACC-1-36_s3,-1,1,0,-1,1
ATTCATCCAGCTGTCG-1-40_s3,-1,1,0,-1,1
GGAGCAACAAGGTTGG-1-37_s3,-1,1,0,-1,1
CTTCGGTGTTGCACGC-1-43_s3,1,0,-1,0,0
GGCGTCACAAGCACCC-1-36_s3,1,0,-1,0,0
AAGGTAAAGGCATCTT-1-39_s3,1,0,1,0,0
AATTCCTCAATTGCCA-1-40_s3,1,0,-1,0,0
TGCAGATCAAACTAGA-1-36_s3,-1,1,0,-1,1
TACAGGTTCGTGTGAT-1-39_s3,-1,1,0,-1,-1
TCGATTTGTAACGCGA-1-43_s3,-1,1,0,-1,1
TTCACGCTCACCTCGT-1-42_s3,-1,1,0,1,0
CAGCAATTCGGAGTAG-1-41_s3,-1,1,0,-1,-1
CGCATGGCAACCAGAG-1-42_s3,1,0,-1,0,0
GACCCAGAGGTTGACG-1-43_s3,-1,1,0,-1,1
TCACTCGGTCATCACA-1-40_s3,-1,1,0,-1,-1
TTGGTTTAGAAGATCT-1-42_s3,-1,1,0,-1,-1
ACGATCACATCCAATG-1-40_s3,-1,-1,0,0,0
TAGGTACTCTTACCGC-1-37_s3,1,0,-1,0,0
ATGGGTTAGCCTAGGA-1-43_s3,-1,-1,0,0,0
CGAATTGAGTCACACT-1-40_s3,-1,1,0,1,0
GAGAGGTGTGATTCTG-1-36_s3,-1,1,0,-1,-1
ACCCTTGCATGTCAGT-1-41_s3,-1,-1,0,0,0
ATGACCAGTGATATAG-1-42_s3,-1,1,0,-1,1
GTGAGTTGTACACGCC-1-37_s3,-1,1,0,-1,1
CGTTCTGCAGGCTTGC-1-36_s3,-1,1,0,-1,-1
TCGTAGAGTCACTGAT-1-40_s3,-1,1,0,1,0
AGTAACCAGAAATGGG-1-41_s3,-1,-1,0,0,0
CCAATTTGTCCAGGTC-1-41_s3,-1,1,0,-1,-1
GTTGTCCAGTCGCGAA-1-37_s3,-1,1,0,-1,-1
ATCGCCTAGCATCCCG-1-40_s3,1,0,1,0,0
TCGTCCAAGGTCCTGC-1-39_s3,-1,1,0,-1,-1
TTGTTGTGTTAAGAAC-1-42_s3,-1,1,0,1,0
ACCAACAAGAGAGTTT-1-41_s3,-1,1,0,1,0
ACGGTTAAGTTGAATG-1-43_s3,-1,1,0,-1,1
TCGTGCTGTCTGCATA-1-41_s3,1,0,1,0,0
ACAGAAAAGATCCCAT-1-43_s3,1,0,-1,0,0
CAGCACGGTATGAGCG-1-42_s3,-1,1,0,-1,-1
GAGATGGGTATAGGAT-1-41_s3,-1,1,0,-1,1
GTGACGCCAGCAGACA-1-40_s3,1,0,-1,0,0
ACTTCGCAGCCATTGT-1-38_s3,-1,-1,0,0,0
ATTCCCGTCCAACCGG-1-42_s3,-1,1,0,-1,-1
GAGGCCTCATTAGGAA-1-40_s3,-1,-1,0,0,0
TACGCTCCATAATCCG-1-42_s3,-1,-1,0,0,0
ATTCTTGAGGAACATT-1-43_s3,-1,1,0,-1,-1
GCAGCCAGTAGTGCGA-1-36_s3,-1,1,0,-1,1
CCAATGACAAATGAGT-1-37_s3,-1,1,0,1,0
GAACGTTAGGGATCGT-1-43_s3,-1,1,0,-1,1
CGAAGGATCCTGTAAG-1-43_s3,-1,1,0,-1,1
GTTACGATCGTTGTAG-1-40_s3,1,0,-1,0,0
GGGTCTGGTAGGATAT-1-40_s3,-1,1,0,-1,1
AACAACCCACGGCACT-1-38_s3,-1,1,0,-1,-1
GTCTACCTCTACCACC-1-42_s3,1,0,-1,0,0
AATTTCCTCGCACTCT-1-37_s3,-1,1,0,-1,1
CCTAAGACATTCACAG-1-38_s3,-1,1,0,-1,1
TCTTCCTAGTCTCTGA-1-38_s3,1,0,-1,0,0
TATCTTGAGTCATGGG-1-37_s3,1,0,-1,0,0
TGATGGTTCAGCTTCC-1-43_s3,-1,1,0,-1,1
TCTTCCTCACGTACAT-1-41_s3,-1,1,0,-1,1
GGTTAACAGGATAATC-1-41_s3,-1,1,0,-1,1
CTCCAACAGGCACTCC-1-38_s3,-1,1,0,-1,1
CGAAGTTGTTGATCGT-1-43_s3,1,0,-1,0,0
GATTCGAAGCGACTTT-1-36_s3,1,0,1,0,0
AAATGGAAGCCTCAAT-1-42_s3,1,0,-1,0,0
TCACTATAGGTCACCC-1-42_s3,1,0,-1,0,0
CATCCGTTCCGGACGT-1-39_s3,-1,1,0,-1,1
GCCAGCACAAGTTCCA-1-37_s3,-1,-1,0,0,0
TCTGTCGTCATCACCC-1-38_s3,-1,1,0,-1,-1
TTCTGTACATGGGAAC-1-40_s3,-1,-1,0,0,0
TCATCCGTCGCTTACC-1-36_s3,-1,1,0,-1,1
CGTCCATTCGAGTGAG-1-42_s3,-1,1,0,1,0
CACGTGGTCTGACAGT-1-40_s3,-1,-1,0,0,0
ACTATTCCAAGCGCTC-1-38_s3,1,0,-1,0,0
ACCCTTGTCGCATTAG-1-41_s3,-1,1,0,-1,-1
GTGTGGCTCCCATAGA-1-37_s3,-1,1,0,-1,1
ATACCTTGTTACCCTC-1-43_s3,-1,-1,0,0,0
TCATTGTAGTCTGCGC-1-36_s3,-1,-1,0,0,0
TGTTCCGTCAAGCCCG-1-41_s3,1,0,-1,0,0
AGGTCTAGTCGTATGT-1-42_s3,1,0,-1,0,0
CCATCACTCAACTGGT-1-39_s3,1,0,-1,0,0
AGGAAATCAGCTGAGA-1-39_s3,-1,-1,0,0,0
AGGGTGAAGGTATCTC-1-41_s3,-1,1,0,-1,1
ATCCCTGCACTGATTG-1-41_s3,-1,1,0,-1,1
ACTTCCGCATTGTACG-1-40_s3,-1,1,0,-1,1
CCTCCAAAGCATCTTG-1-40_s3,1,0,-1,0,0
GACCGTGGTTGCAACT-1-37_s3,-1,-1,0,0,0
CTACCCATCTACTGAG-1-38_s3,1,0,-1,0,0
AACCACAGTGGATCGA-1-41_s3,-1,-1,0,0,0
CTACGGGCAAGTCGTT-1-37_s3,1,0,-1,0,0
AATGGCTGTCGATTAC-1-42_s3,1,0,-1,0,0
CGGGTGTTCAGCTCTC-1-41_s3,-1,-1,0,0,0
GGTGGCTCACGGTGCT-1-43_s3,1,0,-1,0,0
CTGTAGATCTTAATCC-1-37_s3,1,0,-1,0,0
ACTTATCAGTCTCGTA-1-42_s3,-1,1,0,-1,1
CAGATCATCGGTAGAG-1-40_s3,1,0,1,0,0
TACATTCTCACTGGGC-1-38_s3,-1,1,0,-1,-1
CATCCCAAGATGCGAC-1-38_s3,-1,1,0,-1,1
GTTCATTAGGCTAAAT-1-42_s3,1,0,-1,0,0
GAGACCCGTCTGCAAT-1-38_s3,-1,1,0,-1,1
CTGTCGTAGAGGCGTT-1-37_s3,-1,1,0,-1,1
AAAGGATAGACGCATG-1-41_s3,1,0,-1,0,0
TCCGGGAAGTGTTGAA-1-42_s3,1,0,-1,0,0
CTCAAGAAGAGCGACT-1-39_s3,-1,-1,0,0,0
AGTCAACCACCGGTCA-1-43_s3,-1,1,0,-1,-1
TCTACCGGTTCAGGTT-1-42_s3,-1,1,0,-1,-1
CGCAGGTCAGGACTTT-1-42_s3,1,0,-1,0,0
CGATGCGCAGGGTCTC-1-42_s3,-1,-1,0,0,0
GTTTACTAGTCGCCAC-1-42_s3,-1,-1,0,0,0
ATCGTAGCAAGAGAGA-1-38_s3,1,0,-1,0,0
GTGATGTGTTCATCTT-1-40_s3,1,0,-1,0,0
TACGGGCCACTTGGGC-1-42_s3,-1,1,0,-1,-1
TACAACGGTTAAACCC-1-36_s3,1,0,-1,0,0
CCTTTGGAGACATCCT-1-42_s3,-1,1,0,-1,-1
CATTCCGAGAGGATGA-1-42_s3,-1,1,0,-1,1
CGCAGGTGTGTCACAT-1-38_s3,1,0,-1,0,0
GTGAGTTAGCCTCAAT-1-41_s3,1,0,-1,0,0
ATCTTCAAGCTGTTAC-1-40_s3,-1,1,0,-1,-1
ATCGTCCTCGTGGTAT-1-39_s3,1,0,-1,0,0
GGTTAACTCTGCGGAC-1-42_s3,-1,-1,0,0,0
TATGTTCCAGAGCCCT-1-42_s3,1,0,-1,0,0
TTCATTGTCACCGACG-1-39_s3,-1,1,0,-1,1
TTCTCTCTCGAGAAGC-1-43_s3,-1,1,0,-1,-1
ATTCTTGCAAGGCGTA-1-39_s3,-1,1,0,1,0
AGCGCCAGTTACGATC-1-38_s3,-1,1,0,-1,-1
GGAGCAAAGACAACTA-1-38_s3,-1,1,0,1,0
GGAGATGGTGACTCGC-1-36_s3,1,0,-1,0,0
CTACCCACAAGCGCTC-1-36_s3,-1,1,0,1,0
ATCGTCCGTCATCCGG-1-36_s3,-1,-1,0,0,0
TGTTCTAAGCGACTTT-1-42_s3,-1,1,0,-1,1
CCTCAACTCATAGAGA-1-42_s3,-1,-1,0,0,0
CCAAGCGTCATCTCTA-1-36_s3,-1,1,0,-1,1
CCTATCGAGCCTTTCC-1-37_s3,-1,-1,0,0,0
AGGGCCTCAAGACGGT-1-40_s3,1,0,-1,0,0
TGCTCGTGTCGCTCGA-1-41_s3,-1,1,0,1,0
TGGGTTACATAGATGA-1-41_s3,-1,-1,0,0,0
CCCATTGGTCTCGACG-1-38_s3,1,0,-1,0,0
GACTGATAGACACACG-1-41_s3,-1,1,0,-1,1
GCTACAACAAGAGGCT-1-42_s3,-1,1,0,-1,-1
GCAGGCTCAACGTTAC-1-38_s3,1,0,-1,0,0
TCACGGGCATCCGCGA-1-38_s3,-1,1,0,-1,-1
TTTAGTCCAAGTGGGT-1-37_s3,-1,1,0,-1,-1
TCCATCGAGTTACTCG-1-40_s3,-1,1,0,-1,-1
GGTTCTCAGATGATTG-1-38_s3,1,0,1,0,0
TCTCCGAGTTTCGTAG-1-36_s3,-1,1,0,-1,1
CTATCTAGTTCTGAGT-1-39_s3,-1,-1,0,0,0
CATGCTCGTCGATTCA-1-39_s3,-1,1,0,-1,-1
AATGCCAAGAATCGCG-1-42_s3,-1,1,0,-1,-1
AGAAGTAGTTTCTATC-1-40_s3,-1,1,0,-1,-1
CCAATGAGTTTCCATT-1-43_s3,-1,1,0,-1,-1
AAGTACCCATCACGGC-1-43_s3,-1,1,0,-1,1
TACCCGTGTACATACC-1-42_s3,-1,-1,0,0,0
CACAGGCAGGACAGTC-1-36_s3,-1,-1,0,0,0
AGACAGGGTCGGTGAA-1-36_s3,-1,1,0,-1,1
GGTTGTACACGTACTA-1-41_s3,-1,-1,0,0,0
GGTGTTACACACCTAA-1-37_s3,1,0,-1,0,0
CACAACATCCCTCGTA-1-41_s3,-1,1,0,-1,-1
TCCTCCCAGGGCTAAC-1-37_s3,-1,1,0,-1,1
CTGCCTACATCGGATT-1-36_s3,-1,1,0,-1,-1
TCTCCGAAGCTTCATG-1-40_s3,-1,-1,0,0,0
CATCCACAGCCTGGAA-1-36_s3,-1,-1,0,0,0
AGTAGCTGTAGGTTTC-1-37_s3,-1,1,0,-1,-1
GTTAGACAGAGCATCG-1-41_s3,-1,1,0,1,0
CTCATTATCATTGCCC-1-38_s3,-1,1,0,1,0
AGTCTCCTCGTTATCT-1-38_s3,-1,1,0,-1,-1
CTGCGAGTCCCGAGGT-1-42_s3,-1,1,0,1,0
GTCCACTAGAAGGTAG-1-40_s3,-1,1,0,-1,-1
TACGTCCAGCCTAACT-1-37_s3,-1,-1,0,0,0
ACAGCCGGTACTAACC-1-36_s3,1,0,-1,0,0
TCGGGTGTCATCGCAA-1-43_s3,-1,1,0,-1,1
GGGACAAGTATGTCCA-1-43_s3,-1,1,0,-1,-1
GAGGCAACACCTTCGT-1-37_s3,1,0,-1,0,0
CGCAGGTCAGAAATCA-1-43_s3,-1,1,0,-1,-1
GGTGGCTGTGACATCT-1-38_s3,1,0,-1,0,0
GTACAACAGAGCCTGA-1-43_s3,-1,1,0,-1,-1
TATACCTTCCACGTAA-1-38_s3,-1,-1,0,0,0
AGATAGACAAGGCAAC-1-36_s3,1,0,-1,0,0
CTCGAGGGTCAAAGCG-1-43_s3,-1,1,0,-1,-1
ATCCGTCAGCCACAAG-1-38_s3,-1,1,0,-1,1
TGATCAGGTGGCTTGC-1-38_s3,-1,-1,0,0,0
AGGTCTAGTACCGGAA-1-43_s3,-1,-1,0,0,0
TCGAAGTAGACTCGAG-1-42_s3,-1,-1,0,0,0
AAGTGAAAGGGAGTTC-1-36_s3,1,0,-1,0,0
ACTGTCCCAATGGCCC-1-37_s3,1,0,-1,0,0
TATCTTGCACGTCATA-1-36_s3,-1,1,0,-1,-1
AGGGCTCTCCTTCAGC-1-36_s3,-1,-1,0,0,0
GGGCTACCACTACCGG-1-38_s3,1,0,-1,0,0
TCATTCAAGAAATTGC-1-40_s3,1,0,-1,0,0
TTCCACGGTATCAGCT-1-42_s3,-1,1,0,-1,1
TCGACCTCAGACACCC-1-42_s3,1,0,-1,0,0
TATCCTATCGGTGAAG-1-40_s3,1,0,-1,0,0
TCCTCGACAAGTATAG-1-41_s3,-1,1,0,-1,1
GCTACAAAGTTCTCTT-1-38_s3,-1,1,0,-1,-1
CTGAATGCACGCACCA-1-38_s3,1,0,1,0,0
ATGCGATCATGGACAG-1-40_s3,-1,-1,0,0,0
GTTTACTGTAGGCAAC-1-36_s3,-1,1,0,-1,1
TTGGGATAGGTCCCGT-1-43_s3,-1,1,0,-1,-1
AGGACGACAAGAGGCT-1-43_s3,-1,1,0,-1,1
TGGTTAGAGGATTTCC-1-41_s3,1,0,1,0,0
ATCAGGTGTGGTACAG-1-43_s3,-1,-1,0,0,0
AATCGTGAGTCAACAA-1-38_s3,1,0,-1,0,0
ATCATTCCATGAGATA-1-36_s3,-1,-1,0,0,0
GCCGATGAGCACTAGG-1-37_s3,-1,1,0,1,0
TTGGGATTCTTCGTAT-1-38_s3,1,0,-1,0,0
TATATCCTCAGCGCAC-1-37_s3,-1,-1,0,0,0
CCGTTCAGTGGATGAC-1-41_s3,1,0,-1,0,0
ACTTAGGGTCTGATCA-1-39_s3,-1,1,0,-1,1
GCAGGCTGTACAACGG-1-40_s3,1,0,-1,0,0
TTGTTGTTCGCCAACG-1-40_s3,1,0,-1,0,0
ACTATGGAGTAGATCA-1-42_s3,1,0,-1,0,0
TTTCAGTTCGAGATGG-1-41_s3,-1,-1,0,0,0
CTTCCGAGTGAATTAG-1-42_s3,-1,1,0,1,0
GAGAGGTGTGGACCTC-1-37_s3,-1,1,0,-1,-1
GGTGATTTCGAGATAA-1-42_s3,-1,-1,0,0,0
CAAGCTACATCGTCCT-1-41_s3,-1,1,0,-1,-1
ATTACCTCACAAAGCG-1-36_s3,1,0,-1,0,0
CACAGATCACCAGCGT-1-41_s3,1,0,-1,0,0
TGTGAGTGTAATGTGA-1-42_s3,-1,1,0,-1,1
ATACCTTCAACCCGCA-1-43_s3,-1,1,0,-1,-1
CACTTCGAGCTCATAC-1-36_s3,-1,-1,0,0,0
GAAGCGAAGTCTGCGC-1-43_s3,1,0,-1,0,0
GCAGCCAAGCTCCACG-1-42_s3,1,0,-1,0,0
GGGACTCGTTTACTGG-1-36_s3,1,0,-1,0,0
TTCTAACGTGATGGCA-1-36_s3,-1,1,0,-1,1
CCGGTAGTCGCGTTTC-1-40_s3,-1,1,0,-1,-1
TAGTGCACATAATCCG-1-39_s3,-1,-1,0,0,0
TTAGGGTTCTCCTGTG-1-38_s3,-1,1,0,-1,1
GGAGCAAGTCCAAAGG-1-41_s3,-1,1,0,-1,1
ACGCACGCAATTGCAC-1-41_s3,-1,1,0,-1,-1
ATCTTCATCTAGACCA-1-36_s3,1,0,-1,0,0
GTCTAGAGTGGCATCC-1-36_s3,1,0,-1,0,0
GGAGCAATCCCTCTAG-1-41_s3,1,0,-1,0,0
TCAAGACGTATGGTAA-1-40_s3,1,0,-1,0,0
TGTCCACAGTCGAATA-1-37_s3,1,0,-1,0,0
CTTGAGAAGTGACCTT-1-43_s3,-1,1,0,-1,1
TTGTGTTCACCCTTAC-1-36_s3,-1,1,0,-1,1
TAATCTCGTACTAAGA-1-38_s3,-1,1,0,1,0
ACGTAGTCATTGAAAG-1-36_s3,-1,1,0,1,0
GTCATCCTCACTGGGC-1-39_s3,-1,-1,0,0,0
TGGGTTAGTATGGAGC-1-43_s3,-1,-1,0,0,0
TATCGCCCAGAATTCC-1-38_s3,-1,-1,0,0,0
CATTGTTGTCGAATGG-1-37_s3,1,0,-1,0,0
ACATCGACAAGCGCTC-1-43_s3,-1,1,0,-1,1
TAAGTCGGTACGGATG-1-38_s3,-1,1,0,-1,1
CGCGTGACATCTCAAG-1-36_s3,1,0,1,0,0
GGGCTACGTGAATGAT-1-41_s3,-1,-1,0,0,0
TTAGTCTCATGTTACG-1-40_s3,-1,-1,0,0,0
CTAGGTAGTCCCGTGA-1-41_s3,-1,1,0,-1,-1
GCTACCTTCAGAATAG-1-36_s3,-1,1,0,1,0
TGTCCCAAGCATAGGC-1-43_s3,-1,-1,0,0,0
TCACACCGTTGAAGTA-1-38_s3,-1,1,0,-1,1
AAGCCATCAGACTGCC-1-43_s3,-1,1,0,-1,1
GCGTGCATCGCAACAT-1-40_s3,-1,1,0,-1,1
CTGAGCGGTGTTTGCA-1-38_s3,-1,1,0,-1,-1
GCAGCCACACACACTA-1-41_s3,-1,1,0,-1,-1
CGCATAAGTCGTCAGC-1-36_s3,-1,1,0,-1,1
CTTAGGAAGCATCAGG-1-41_s3,-1,1,0,1,0
TGAATCGTCCACATAG-1-38_s3,-1,1,0,-1,1
CTGCTCACATTCTTCA-1-37_s3,1,0,-1,0,0
AAATGGAAGGTTCTTG-1-37_s3,1,0,-1,0,0
AAAGTGAAGCGTCTGC-1-36_s3,1,0,1,0,0
AGACAGGTCGATCCCT-1-40_s3,1,0,-1,0,0
AGAGCCCAGTAACCGG-1-43_s3,1,0,-1,0,0
GGTGTCGAGCAACTCT-1-41_s3,1,0,-1,0,0
AGTTCGATCTCGTCGT-1-43_s3,-1,-1,0,0,0
GTCCTCACATTCTTCA-1-36_s3,-1,-1,0,0,0
ATGAAAGGTCTACACA-1-36_s3,1,0,-1,0,0
AGTGACTCACTGTCCT-1-41_s3,1,0,-1,0,0
AACAACCGTGTACAGG-1-40_s3,1,0,-1,0,0
CCGGTAGCAAACTAGA-1-36_s3,-1,-1,0,0,0
TGGTGATGTAGCGTAG-1-38_s3,-1,1,0,1,0
CATGGTAGTGACTGAG-1-38_s3,1,0,-1,0,0
GTGTCCTGTCGTGCCA-1-43_s3,1,0,-1,0,0
ACCTGTCAGTAGCATA-1-43_s3,1,0,-1,0,0
GAAGCCCTCGCCAATA-1-42_s3,-1,-1,0,0,0
TACTTGTGTGTGTGGA-1-37_s3,-1,1,0,-1,-1
ACATGCAGTCTCGACG-1-37_s3,1,0,-1,0,0
AGTTCCCAGGCCTTGC-1-36_s3,-1,1,0,-1,-1
CGCGTGAGTTAGTTCG-1-40_s3,-1,1,0,-1,1
AGACTCATCTGACAGT-1-40_s3,1,0,-1,0,0
CAATACGAGTCCTGTA-1-38_s3,-1,-1,0,0,0
GTGTGATCATACTGAC-1-37_s3,-1,1,0,-1,1
TCGGGCAAGAGCCGTA-1-43_s3,1,0,-1,0,0
AGGTTACTCGAGGCAA-1-39_s3,1,0,-1,0,0
CTCAGAACAATCACGT-1-37_s3,1,0,-1,0,0
CGAGGCTTCTATCACT-1-38_s3,-1,-1,0,0,0
ATCATTCAGTGAGGCT-1-36_s3,1,0,-1,0,0
TCCACCATCTGCGTCT-1-41_s3,1,0,1,0,0
CAGTGCGGTGTATTGC-1-39_s3,-1,1,0,-1,1
TTCCTTCCAACTTCTT-1-40_s3,-1,-1,0,0,0
TACTTACGTACCTATG-1-37_s3,1,0,-1,0,0
ACAGGGACACACTGGC-1-41_s3,-1,1,0,1,0
GGAATCTCATGCGGTC-1-39_s3,-1,1,0,-1,1
AGAGCCCAGGTGGCTA-1-40_s3,1,0,-1,0,0
GTACAGTGTTCTCCCA-1-40_s3,-1,1,0,1,0
TCCCAGTTCCACTAGA-1-42_s3,-1,1,0,-1,-1
GACTCAATCGCTACGG-1-40_s3,1,0,-1,0,0
TATTGCTTCACCTCAC-1-39_s3,-1,1,0,-1,-1
TACCCGTGTTGGCTAT-1-36_s3,1,0,1,0,0
AGGTTGTAGGCGTCCT-1-38_s3,-1,1,0,-1,1
TTCGATTAGATTAGTG-1-39_s3,-1,1,0,-1,1
CTCGAGGCAAGCACCC-1-37_s3,1,0,-1,0,0
CATGGTAAGCAGGTCA-1-37_s3,-1,1,0,-1,-1
GATCAGTGTCAGTCGC-1-43_s3,-1,-1,0,0,0
ACTTCGCAGGTTGGAC-1-40_s3,1,0,-1,0,0
CCGATCTTCCAATCTT-1-36_s3,-1,1,0,-1,1
CAGAGCCTCAACCTCC-1-40_s3,1,0,-1,0,0
ACTATGGCATTGTAGC-1-43_s3,1,0,-1,0,0
TCTGGCTTCCTTATAC-1-40_s3,1,0,-1,0,0
GACTATGCAAATGGTA-1-36_s3,-1,1,0,-1,1
ACAAAGATCGTACACA-1-40_s3,-1,1,0,-1,1
AAGCGTTAGCACTCTA-1-42_s3,1,0,1,0,0
CGGGTGTCAAAGGTTA-1-36_s3,-1,-1,0,0,0
GTCTACCCATGGAATA-1-40_s3,-1,-1,0,0,0
CATTCATGTTGGAGGT-1-41_s3,1,0,-1,0,0
CCCTCAAAGATTTGCC-1-41_s3,-1,1,0,-1,-1
CTGGACGCAGACACCC-1-39_s3,-1,1,0,1,0
TAATTCCTCTGCGAGC-1-41_s3,-1,1,0,-1,1
GAGTCATGTGTCCATA-1-37_s3,-1,1,0,-1,1
TTGTTCATCTCGTGGG-1-42_s3,1,0,-1,0,0
ATGAAAGGTGCGTTTA-1-41_s3,-1,-1,0,0,0
CGGCAGTCAAGAGCTG-1-42_s3,1,0,1,0,0
GTTACCCCAACACGTT-1-37_s3,1,0,-1,0,0
TTGTTTGTCAGACCCG-1-38_s3,-1,1,0,-1,1
GGAGCAAGTAATGTGA-1-40_s3,-1,1,0,-1,-1
ATTGGGTCAGTTCCAA-1-41_s3,-1,1,0,-1,-1
TCTGCCATCAAACCTG-1-37_s3,1,0,-1,0,0
AATCGACCAACAGAGC-1-38_s3,1,0,-1,0,0
TAGACTGTCGGCATTA-1-42_s3,-1,1,0,-1,-1
GTAAGTCCACTAGGTT-1-36_s3,-1,1,0,-1,1
AGAGCCCCACCAGCGT-1-38_s3,-1,1,0,-1,-1
GACTGATTCTATCGGA-1-37_s3,-1,1,0,1,0
CGTGCTTTCTCTTGCG-1-43_s3,-1,1,0,-1,-1
AGGGTTTAGTTGTAAG-1-42_s3,-1,1,0,-1,-1
CAGATTGCATGGGTCC-1-36_s3,-1,-1,0,0,0
CTGCTCACATGGCACC-1-41_s3,1,0,-1,0,0
TGAATGCGTGGCGCTT-1-37_s3,-1,-1,0,0,0
AGATCGTAGCTCATAC-1-40_s3,-1,1,0,-1,1
TCAGGTAAGAGAGCGG-1-43_s3,-1,-1,0,0,0
AAGATAGTCGATACTG-1-41_s3,1,0,-1,0,0
TGGTAGTGTCCCGTGA-1-40_s3,-1,1,0,-1,-1
AGCATCAAGTGATAGT-1-39_s3,1,0,-1,0,0
CAATCGATCACAGTGT-1-40_s3,-1,-1,0,0,0
ATTCCCGCAATTCACG-1-40_s3,-1,1,0,-1,1
CACTTCGAGACTGTTC-1-43_s3,-1,1,0,-1,-1
CTCAAGACACAAGCTT-1-40_s3,-1,1,0,-1,1
ATGCATGGTTGCATAC-1-36_s3,1,0,-1,0,0
CCCTCAACACTACCCT-1-42_s3,1,0,-1,0,0
TTGCTGCAGGCTAGCA-1-41_s3,1,0,-1,0,0
TCCTGCAAGACGGAAA-1-37_s3,1,0,-1,0,0
CCAAGCGCAGTGTGGA-1-42_s3,-1,1,0,-1,1
CACGAATGTGCGGATA-1-36_s3,-1,1,0,1,0
GTTCCGTAGGACGCAT-1-41_s3,-1,1,0,-1,-1
TTCGGTCGTCATATGC-1-43_s3,-1,1,0,1,0
CTTTCGGAGACTCTAC-1-37_s3,1,0,-1,0,0
CACTGTCAGCGTGCCT-1-42_s3,-1,1,0,-1,1
GTAGTACGTAGGCAGT-1-36_s3,-1,1,0,-1,-1
GATAGCTTCGTTACCC-1-36_s3,-1,1,0,1,0
GTAACCAGTCATCGCG-1-38_s3,-1,-1,0,0,0
GAGGCCTAGGATTTCC-1-41_s3,1,0,-1,0,0
GGACGTCTCGCCTATC-1-37_s3,-1,-1,0,0,0
CTACCCACAGAAGTTA-1-39_s3,-1,-1,0,0,0
TTGGGATCAAGTGCAG-1-39_s3,-1,1,0,-1,1
ATACTTCTCCTACAAG-1-40_s3,-1,1,0,-1,1
CATTCTAAGGCTGAAC-1-43_s3,-1,1,0,-1,1
GTCATGAGTCTAGGTT-1-38_s3,-1,1,0,-1,1
AGCCACGGTAGAATGT-1-41_s3,-1,1,0,-1,1
TTGCTGCTCACGGGAA-1-38_s3,-1,1,0,-1,1
GTGCACGTCTACCTTA-1-37_s3,1,0,-1,0,0
TCTACATTCTGGGAGA-1-37_s3,-1,1,0,-1,-1
GGCACGTCAGGTCAGA-1-40_s3,-1,1,0,-1,-1
GCAACATGTGCTCGTG-1-39_s3,-1,1,0,-1,1
TAATTCCAGTTGGGAC-1-38_s3,-1,-1,0,0,0
CCTCATGAGAGAGGTA-1-41_s3,1,0,-1,0,0
ACTATCTAGTAACAGT-1-37_s3,1,0,-1,0,0
CATGCTCGTCTACAAC-1-42_s3,-1,1,0,-1,1
CTCATTACACCATAAC-1-41_s3,1,0,-1,0,0
GCTTCACAGGCACTAG-1-42_s3,-1,1,0,-1,-1
GTGCTGGAGACCAAAT-1-41_s3,-1,1,0,-1,1
CGCGTGAAGGCTTTCA-1-39_s3,1,0,-1,0,0
CACAGATAGGATCATA-1-37_s3,-1,1,0,-1,1
TATCCTATCACTAGCA-1-39_s3,1,0,-1,0,0
CATTCCGAGTCAGGGT-1-36_s3,1,0,-1,0,0
TCGGATAAGCTGTTAC-1-36_s3,-1,-1,0,0,0
GTTATGGAGCATGGGT-1-38_s3,1,0,-1,0,0
CTACAGAGTGTATCCA-1-41_s3,1,0,-1,0,0
CTGTAGATCAGTGTGT-1-39_s3,1,0,-1,0,0
CCTCATGCAGAGAAAG-1-37_s3,-1,1,0,-1,-1
GAATCGTTCTGCGGAC-1-43_s3,-1,1,0,1,0
AAGTGAAGTGCACATT-1-40_s3,-1,1,0,-1,-1
TGCTCGTGTAACAGGC-1-43_s3,-1,1,0,-1,1
CTCATTAAGCTCAGAG-1-42_s3,-1,1,0,-1,-1
GGGCGTTAGTAGGATT-1-36_s3,1,0,-1,0,0
GTTGTGACACTGTGTA-1-36_s3,-1,1,0,-1,-1
CGATGGCCAGCATTGT-1-41_s3,-1,-1,0,0,0
TTCGCTGGTTGATCGT-1-42_s3,-1,-1,0,0,0
GACACGCTCATGGAGG-1-36_s3,-1,1,0,-1,-1
GTGGTTATCACGTAGT-1-37_s3,-1,1,0,-1,-1
AAGCATCGTCTCGACG-1-40_s3,-1,-1,0,0,0
ATCGGATGTACAAACA-1-36_s3,-1,1,0,-1,-1
CCATCACTCAGGTAAA-1-36_s3,-1,1,0,-1,-1
TCACTCGAGGTTCACT-1-36_s3,-1,1,0,-1,1
ACTCTCGAGAAGCCTG-1-40_s3,1,0,1,0,0
CAACCAATCAAATAGG-1-40_s3,1,0,-1,0,0
AAAGGATCAGCTGCCA-1-40_s3,1,0,-1,0,0
TTCTAACGTGTCGCTG-1-39_s3,1,0,-1,0,0
TCGCAGGCAGGCCTGT-1-38_s3,-1,-1,0,0,0
TCCGTGTGTACAGAGC-1-38_s3,-1,-1,0,0,0
CATTTCAGTAGCACGA-1-40_s3,-1,-1,0,0,0
TCCGAAAAGTGGGAAA-1-36_s3,1,0,-1,0,0
TGGGCTGAGTTCCAGT-1-43_s3,-1,1,0,1,0
TACACCCGTGTGAGCA-1-38_s3,1,0,-1,0,0
CAGCACGTCATTTGTC-1-42_s3,-1,1,0,-1,-1
TATCCTACAAACCACT-1-39_s3,1,0,-1,0,0
CGTTCTGGTCTGTGGC-1-41_s3,-1,1,0,-1,-1
GTGATGTAGGGAGATA-1-42_s3,-1,1,0,-1,-1
GGGTAGATCCGAGTGC-1-41_s3,1,0,-1,0,0
TTCTGTACAGGTGACA-1-41_s3,-1,-1,0,0,0
GCTACAATCCCGAGTG-1-36_s3,1,0,-1,0,0
CCACACTTCATGTCTT-1-42_s3,1,0,-1,0,0
TTACTGTCACATACTG-1-38_s3,1,0,-1,0,0
CGGGCATTCGAGCTGC-1-40_s3,-1,1,0,-1,1
ACGATGTCATTGTACG-1-40_s3,1,0,-1,0,0
AAATGGAGTAGGACTG-1-40_s3,-1,-1,0,0,0
GTGGAGATCCCTCGAT-1-41_s3,1,0,-1,0,0
GATTCTTGTCGTGATT-1-36_s3,1,0,-1,0,0
CATCGCTAGTGGTTAA-1-40_s3,-1,-1,0,0,0
GATCACATCCAATGCA-1-36_s3,-1,1,0,1,0
TACCGGGCATATCTCT-1-42_s3,1,0,-1,0,0
CTACATTCACCATTCC-1-40_s3,1,0,-1,0,0
TTGGGATAGAGAGCCT-1-36_s3,1,0,-1,0,0
TTGCCTGGTGCCTATA-1-39_s3,-1,1,0,-1,1
TTGTTCAAGCGTCTGC-1-36_s3,-1,-1,0,0,0
CCCGAAGGTAGAGGAA-1-41_s3,-1,1,0,-1,1
CCTCTCCGTGTCGATT-1-42_s3,-1,1,0,-1,-1
TCATCATAGGTCACAG-1-38_s3,-1,-1,0,0,0
TTCCAATAGGTCACTT-1-38_s3,-1,-1,0,0,0
ATGAGGGCAGCAGACA-1-40_s3,-1,1,0,-1,-1
TTTCCTCTCTCTGACC-1-40_s3,-1,1,0,-1,-1
ACGGGTCAGCTGTACT-1-37_s3,-1,1,0,-1,-1
GAATCGTAGTCCGCGT-1-43_s3,-1,1,0,-1,-1
GATGGAGAGAGAACCC-1-42_s3,-1,1,0,-1,1
AGGGCCTTCATCGCTC-1-37_s3,-1,1,0,-1,1
GTCAGCGTCTTTGATC-1-38_s3,1,0,-1,0,0
TGCAGATAGTGCAACG-1-41_s3,-1,-1,0,0,0
TGGGAGATCCATTCAT-1-43_s3,-1,1,0,-1,1
AAGCATCTCAACCCGG-1-37_s3,1,0,1,0,0
ACCAAACTCTATGCCC-1-43_s3,1,0,-1,0,0
TGTGCGGTCTTAATCC-1-37_s3,-1,1,0,-1,-1
TGGTTAGCATTGAGCT-1-41_s3,-1,-1,0,0,0
GATTCTTTCCCTCTTT-1-42_s3,-1,1,0,-1,1
TATCGCCAGCTTCTAG-1-36_s3,1,0,-1,0,0
AGTCTCCAGACTTCCA-1-40_s3,-1,-1,0,0,0
TGTTCTAGTGACGTCC-1-43_s3,1,0,-1,0,0
GTAACACGTTCGGACC-1-37_s3,1,0,-1,0,0
CGGCAGTAGGTTTGAA-1-36_s3,-1,1,0,-1,1
TGGTTAGAGCTGGAGT-1-40_s3,-1,1,0,1,0
GTGCACGAGCTGAGTG-1-37_s3,-1,1,0,-1,-1
TCAATCTGTGCATGAG-1-37_s3,-1,1,0,-1,1
ATAGACCCAAATTGCC-1-43_s3,1,0,-1,0,0
GAGCCTGAGCCTGACC-1-38_s3,-1,1,0,-1,-1
GATGCTAGTCACCGCA-1-42_s3,1,0,-1,0,0
GTTAGTGAGGATTACA-1-37_s3,-1,1,0,-1,1
TGGGATTTCTTCCTAA-1-42_s3,-1,1,0,-1,1
GCAGCTGGTGTACGCC-1-37_s3,-1,1,0,-1,1
TGATGGTTCCTTGAAG-1-41_s3,-1,-1,0,0,0
GCTGGGTTCCGACAGC-1-40_s3,-1,1,0,-1,-1
ATACCTTAGCGCAATG-1-42_s3,-1,1,0,-1,1
CGAGTTATCCCAGCGA-1-38_s3,-1,1,0,-1,-1
TACCGAAGTGGCATCC-1-42_s3,1,0,-1,0,0
CTTGAGAGTATGCTTG-1-37_s3,1,0,-1,0,0
GGTGAAGGTCTACGAT-1-40_s3,-1,-1,0,0,0
TAAGTCGTCTAGTTCT-1-36_s3,-1,1,0,1,0
CACGTTCCACGTCATA-1-39_s3,-1,1,0,-1,-1
GGTAATCGTACGAGCA-1-38_s3,-1,1,0,-1,1
GCTGCAGTCCAGCACG-1-39_s3,-1,-1,0,0,0
TACTTACGTCATATGC-1-37_s3,1,0,-1,0,0
CAGATACGTTTACTGG-1-37_s3,1,0,-1,0,0
TCAGTTTTCTCTAGGA-1-39_s3,-1,-1,0,0,0
GGGAAGTCATCGATAC-1-41_s3,-1,1,0,-1,-1
AAGACTCGTACCGTCG-1-39_s3,1,0,-1,0,0
CACGTGGTCAACTGGT-1-37_s3,-1,-1,0,0,0
ATTCCTAGTCAAGCCC-1-41_s3,1,0,-1,0,0
TCGTGGGCAACACAAA-1-39_s3,1,0,-1,0,0
TTAGGGTCAGTGAGCA-1-39_s3,-1,1,0,-1,-1
CAGCGTGGTCCGTACG-1-41_s3,-1,1,0,-1,-1
TCAAGCACACATTCGA-1-39_s3,-1,-1,0,0,0
TGAACGTGTTTGTTGG-1-36_s3,-1,1,0,-1,1
GAAGAATCAGTATGAA-1-38_s3,1,0,-1,0,0
ATTCTTGGTCGCCACA-1-41_s3,-1,1,0,-1,1
AGTGCCGCAATACCCA-1-39_s3,1,0,-1,0,0
GCTACAAAGGCCTTGC-1-38_s3,-1,1,0,-1,1
GAAGCGAAGTTACTCG-1-41_s3,-1,-1,0,0,0
ATAGACCTCGTAGAGG-1-40_s3,-1,1,0,-1,1
AGGTTACTCCAGTGTA-1-42_s3,1,0,-1,0,0
CTTCTCTCAGATTTCG-1-40_s3,-1,1,0,1,0
TACCCACAGTCGGCCT-1-43_s3,-1,1,0,-1,-1
CGTAGTACAGGACAGT-1-43_s3,1,0,-1,0,0
TGTGCGGGTGATAGTA-1-42_s3,-1,-1,0,0,0
ATCCCTGGTGATACTC-1-41_s3,1,0,-1,0,0
CGTGCTTCATAGGAGC-1-37_s3,-1,-1,0,0,0
GTCGAATCACGCTTAA-1-40_s3,1,0,-1,0,0
TGCTTGCCAATTGCGT-1-38_s3,1,0,-1,0,0
GACGTTAGTGATGTAA-1-37_s3,-1,-1,0,0,0
TGGTTAGAGAAGGTAG-1-42_s3,-1,1,0,-1,-1
TGCGACGGTCTAACTG-1-36_s3,-1,1,0,-1,1
TCAATTCCAAAGAGTT-1-43_s3,1,0,-1,0,0
GCCGATGAGCGCATCC-1-42_s3,-1,1,0,-1,-1
TTCGGTCCAATCGCAT-1-37_s3,-1,1,0,-1,1
GTCATGAGTTAGCGGA-1-40_s3,1,0,-1,0,0
TAGACTGTCGCCGAAC-1-41_s3,-1,1,0,-1,1
ATTCATCTCTGTCGTC-1-38_s3,-1,1,0,-1,1
ATCGATGGTGACGTCC-1-39_s3,1,0,-1,0,0
TCCCAGTCAATTGAGA-1-43_s3,-1,1,0,-1,-1
ACAGGGATCGGCGATC-1-38_s3,1,0,-1,0,0
CTCATCGTCCAAGAGG-1-39_s3,-1,-1,0,0,0
CTTTCGGAGGACTAAT-1-42_s3,-1,1,0,-1,1
CTGTAGAGTTGTAAAG-1-42_s3,-1,1,0,-1,1
CAACCTCGTCGTCTCT-1-36_s3,-1,-1,0,0,0
TTTCCTCTCGCTCCTA-1-41_s3,1,0,-1,0,0
GGTGATTTCCATTTAC-1-37_s3,-1,1,0,-1,-1
AGTCACATCGCTGTTC-1-40_s3,-1,1,0,-1,1
TTGCGTCTCCATCGTC-1-40_s3,1,0,-1,0,0
TTTAGTCTCTCAGGCG-1-43_s3,-1,1,0,-1,-1
TTTGATCTCTTCCCGA-1-38_s3,-1,-1,0,0,0
CGTAATGAGCGCCCAT-1-38_s3,-1,1,0,-1,1
CCGTGAGGTTTACTTC-1-37_s3,-1,1,0,-1,-1
ACGTTCCTCAACCGAT-1-37_s3,1,0,-1,0,0
CTCATGCCATAGGTAA-1-43_s3,-1,1,0,1,0
TTCCGGTTCCAACTAG-1-42_s3,-1,1,0,-1,1
AAGACAACAAGATCCT-1-38_s3,-1,1,0,1,0
AACCACAAGCTGCCAC-1-36_s3,-1,1,0,-1,-1
GCAGGCTCATCATCCC-1-36_s3,-1,-1,0,0,0
GCCAGTGAGGTCACTT-1-42_s3,1,0,-1,0,0
ATGGAGGGTGGATACG-1-42_s3,-1,1,0,-1,1
AGCCAGCGTCATCACA-1-42_s3,1,0,-1,0,0
GTGTGATCAGCAATTC-1-39_s3,1,0,-1,0,0
CTCAATTCAGCGTAGA-1-36_s3,1,0,1,0,0
TCATCATTCGTGGTAT-1-39_s3,1,0,-1,0,0
GTCTCACTCATGTCTT-1-40_s3,-1,1,0,-1,-1
ATCGGATTCCTAGCGG-1-40_s3,-1,1,0,1,0
CACCGTTAGGGCGAAG-1-42_s3,-1,1,0,-1,1
TACGGTAAGAGTCTGG-1-40_s3,-1,1,0,-1,-1
CAGCCAGGTTCATCGA-1-42_s3,-1,1,0,-1,1
AAGGTAACATGGCGCT-1-39_s3,-1,1,0,-1,1
CAGCAGCGTAGCACAG-1-41_s3,-1,1,0,-1,-1
GTAGGAGGTATCCCAA-1-37_s3,1,0,-1,0,0
CCCTCTCGTATCTCTT-1-40_s3,-1,-1,0,0,0
AGCGCTGGTAAGTCAA-1-42_s3,1,0,-1,0,0
CGCCAGAGTGCTCTCT-1-38_s3,-1,1,0,-1,1
ACGTACAAGAGCACTG-1-42_s3,-1,-1,0,0,0
TGCGGGTAGGCATTTC-1-42_s3,-1,1,0,-1,-1
GTAACACTCTGTGCGG-1-42_s3,1,0,-1,0,0
ACTTCGCTCTTGGAAC-1-37_s3,-1,1,0,1,0
TTCTAGTAGATCACTC-1-38_s3,-1,-1,0,0,0
TACCCACCATTGTACG-1-41_s3,1,0,-1,0,0
CCTTGTGAGGCCACCT-1-37_s3,-1,1,0,-1,1
ATCCATTCAGATACCT-1-38_s3,-1,-1,0,0,0
AGGACTTGTCCCTGTT-1-36_s3,-1,1,0,-1,-1
CAGTGCGCAGCTCTGG-1-43_s3,-1,1,0,-1,1
ACCATTTAGATGTTCC-1-43_s3,-1,1,0,1,0
CTGTACCAGCTTGTGT-1-42_s3,-1,-1,0,0,0
CCGTAGGAGTGGCGAT-1-36_s3,-1,1,0,-1,-1
TTTCACATCGTTCAGA-1-37_s3,-1,1,0,-1,1
TTGCCTGAGGAATCGC-1-43_s3,1,0,-1,0,0
CATCGTCCATTACGGT-1-42_s3,1,0,-1,0,0
ATCGGCGGTGCATTAC-1-42_s3,1,0,-1,0,0
GTGTGGCCATAGATCC-1-42_s3,-1,1,0,-1,-1
TCTTGCGCACATGTTG-1-38_s3,1,0,-1,0,0
CCAATGACAGCTCTGG-1-40_s3,1,0,-1,0,0
CATTCATCACCGCTGA-1-42_s3,1,0,1,0,0
ATTCCTATCAACGCTA-1-40_s3,1,0,-1,0,0
GCCGTGATCCACACAA-1-41_s3,1,0,-1,0,0
ACGGGTCGTAGTCTGT-1-40_s3,-1,1,0,-1,-1
TGGTAGTCATGTGGTT-1-41_s3,-1,1,0,-1,1
TTTACGTTCCATTTGT-1-40_s3,-1,1,0,-1,-1
AAGACAAGTAGTCTGT-1-37_s3,-1,1,0,-1,1
ACCAACAAGATAGTCA-1-43_s3,-1,1,0,-1,1
AGGATCTTCAGGAAAT-1-40_s3,-1,1,0,-1,1
TGAGCATCAGTCGGAA-1-36_s3,1,0,-1,0,0
GTAACCATCTTAGGAC-1-40_s3,-1,1,0,1,0
TCGACCTGTGCGAACA-1-38_s3,-1,1,0,-1,-1
GGCACGTAGAATTCAG-1-42_s3,1,0,-1,0,0
TTCGATTCACCGTACG-1-42_s3,-1,1,0,-1,1
ATCACAGGTAACACGG-1-43_s3,-1,-1,0,0,0
GCGTTTCAGCACACAG-1-36_s3,-1,1,0,-1,-1
GTAGCTAGTTCACGAT-1-38_s3,-1,1,0,-1,-1
AAGTGAAAGTGGTTAA-1-42_s3,1,0,-1,0,0
CCCTCTCAGTTTCGGT-1-37_s3,-1,1,0,-1,-1
TATCAGGGTAGTGATA-1-40_s3,1,0,-1,0,0
ACTATGGAGAGAGCGG-1-37_s3,-1,1,0,1,0
GGTAGAGGTTGTTGTG-1-42_s3,-1,-1,0,0,0
CGAAGGACAAATCCCA-1-41_s3,1,0,-1,0,0
GAGACCCCAGCAGTGA-1-42_s3,-1,1,0,-1,1
GCTTCACTCGTCGATA-1-38_s3,-1,1,0,-1,-1
GGTCACGTCCACCCTA-1-41_s3,1,0,-1,0,0
GTGGCGTTCGGATACT-1-42_s3,-1,1,0,-1,-1
AAACCCACACCCGTAG-1-41_s3,-1,1,0,-1,1
GGGCCATGTCGCTCGA-1-42_s3,1,0,-1,0,0
TCTTGCGTCGGTCTAA-1-39_s3,1,0,-1,0,0
CACTGAAAGAAGGGAT-1-43_s3,1,0,-1,0,0
TCATTCACAGTTGTCA-1-40_s3,-1,1,0,1,0
ATCCATTCAATCTGCA-1-38_s3,-1,1,0,-1,1
ATTACTCGTTCCCACT-1-40_s3,1,0,1,0,0
ATGTCTTTCCCGAGGT-1-42_s3,-1,1,0,-1,1
TCGGGTGCAAGGGTCA-1-43_s3,-1,1,0,-1,-1
CCATAAGAGTCACACT-1-43_s3,1,0,-1,0,0
CATTCCGAGAATCCCT-1-43_s3,-1,1,0,-1,-1
GCCAGCAGTATCTCTT-1-39_s3,-1,1,0,-1,1
TACGGGCAGCCGTTGC-1-38_s3,-1,-1,0,0,0
GTGTGATAGAAGATCT-1-37_s3,-1,1,0,1,0
CCTCAACAGTTAGAAC-1-41_s3,-1,1,0,1,0
GTCGTTCAGCGTTGTT-1-42_s3,1,0,-1,0,0
GGACGTCAGGCGACAT-1-38_s3,1,0,-1,0,0
ACTGATGTCGGCCAAC-1-43_s3,-1,1,0,-1,-1
TATGTTCGTTCCAAAC-1-38_s3,1,0,-1,0,0
CGAGAAGTCTCGACGG-1-40_s3,1,0,1,0,0
CCAAGCGAGCGGTAAC-1-42_s3,-1,1,0,-1,1
CCTGCATGTGTCCACG-1-37_s3,1,0,-1,0,0
CAGAGCCTCCGAGCTG-1-38_s3,-1,1,0,-1,1
AACGAAAGTGCATCTA-1-43_s3,-1,-1,0,0,0
CATTGCCCAATCTAGC-1-37_s3,-1,1,0,-1,-1
GGGCCATTCCAGCAAT-1-40_s3,-1,-1,0,0,0
TATTGGGTCTACACTT-1-37_s3,-1,1,0,1,0
GATCCCTCAGCGTGAA-1-38_s3,-1,-1,0,0,0
ATTCGTTGTCGATTTG-1-41_s3,-1,1,0,-1,-1
GCCAGCATCCGTATAG-1-38_s3,-1,1,0,-1,1
TTAGTCTGTATGGAAT-1-42_s3,1,0,-1,0,0
ACAACCAGTTTAGTCG-1-41_s3,-1,-1,0,0,0
CGATGGCTCAACACCA-1-41_s3,-1,1,0,-1,1
TGCAGTAAGTAAATGC-1-40_s3,-1,1,0,-1,-1
TAGGGTTAGTGCTAGG-1-43_s3,-1,1,0,-1,-1
AAGGTAACATGTAACC-1-38_s3,1,0,-1,0,0
TCGACGGTCTTGGCTC-1-38_s3,-1,1,0,1,0
TTGGGATCATTCCTAT-1-40_s3,1,0,-1,0,0
AGGTGTTCAGAACTCT-1-42_s3,-1,1,0,-1,1
AAGTCGTCATGCGGTC-1-42_s3,-1,1,0,-1,1
CGTGAATTCCTTCTAA-1-40_s3,-1,1,0,-1,1
CACGGGTTCACGTCCT-1-37_s3,-1,1,0,-1,1
GACTCAATCGTACACA-1-38_s3,-1,1,0,-1,-1
TTATTGCTCATAGCAC-1-37_s3,-1,1,0,-1,-1
AGGACTTAGAGTGAAG-1-36_s3,1,0,-1,0,0
TCAGTGAAGTGAGGCT-1-41_s3,1,0,-1,0,0
TGAGCATAGCGCTTCG-1-39_s3,1,0,-1,0,0
ATAGAGAGTTCGCGTG-1-40_s3,1,0,-1,0,0
CCACAAACAGCTGTCG-1-40_s3,-1,-1,0,0,0
GGACGTCTCATTACCT-1-38_s3,-1,1,0,-1,1
GCGTGCATCAGTGTGT-1-38_s3,-1,1,0,1,0
GCCGATGAGAATCTAG-1-37_s3,1,0,-1,0,0
TCATATCAGATCCCGC-1-41_s3,1,0,-1,0,0
ATGAGTCAGGCCTTCG-1-36_s3,1,0,-1,0,0
ACCAACACACCCTGTT-1-38_s3,-1,1,0,-1,1
CGTTCTGAGAATACAC-1-42_s3,1,0,-1,0,0
TGCAGATTCATGAGTC-1-43_s3,-1,1,0,-1,-1
TACTTCAAGAGAGTGA-1-41_s3,-1,1,0,-1,1
AATTCCTCAGGCTTGC-1-42_s3,-1,1,0,-1,-1
GTTTACTGTGATTAGA-1-42_s3,-1,1,0,-1,-1
TACTTGTGTAGGCTCC-1-37_s3,-1,1,0,-1,1
AGTACCAGTTACCTTT-1-40_s3,1,0,-1,0,0
GAATCACTCAACCTTT-1-36_s3,1,0,-1,0,0
CTCCCTCAGACAAGCC-1-40_s3,-1,1,0,-1,-1
TCGGTCTCAAGTAGTA-1-37_s3,-1,-1,0,0,0
TAATCTCTCACTTATC-1-42_s3,-1,1,0,-1,1
GCACATAAGGCTAAAT-1-38_s3,-1,1,0,-1,-1
CTCTCAGTCAGGAACG-1-37_s3,1,0,-1,0,0
GGGTGAATCGCCTATC-1-36_s3,1,0,-1,0,0
ACGCACGCAAGTTGGG-1-38_s3,-1,1,0,1,0
GTCTACCCAACTTGCA-1-43_s3,1,0,-1,0,0
GTGTAACTCTAGTGTG-1-40_s3,1,0,1,0,0
GCGAGAAAGGTCCTGC-1-38_s3,1,0,-1,0,0
GGGCCATCACTGAGTT-1-36_s3,1,0,-1,0,0
TACTTACGTCAAGTTC-1-36_s3,-1,1,0,-1,-1
GTTGAACGTTGCCAAT-1-40_s3,-1,1,0,-1,1
ATCATTCCAATGCAGG-1-42_s3,1,0,-1,0,0
CCCTCTCAGTCACTAC-1-40_s3,1,0,-1,0,0
GCTGGGTTCAGGACGA-1-43_s3,1,0,-1,0,0
GTAACCAAGACCGTTT-1-40_s3,-1,1,0,1,0
CCGATGGCACCCTAGG-1-38_s3,-1,-1,0,0,0
GACTTCCCAAGCTACT-1-39_s3,1,0,-1,0,0
AAACCCATCGTTCGCT-1-42_s3,-1,-1,0,0,0
CACAGATGTGGCTGAA-1-39_s3,-1,-1,0,0,0
CCTACGTGTGGAAGTC-1-38_s3,1,0,-1,0,0
TCACTATCACGGAAGT-1-36_s3,-1,-1,0,0,0
TCGCTCACACTAGAGG-1-43_s3,-1,1,0,-1,1
AGCGCCAAGAGCCGAT-1-42_s3,1,0,-1,0,0
GTGCGTGGTGACAACG-1-41_s3,-1,-1,0,0,0
TACTTCATCATCACTT-1-40_s3,-1,1,0,-1,-1
GCCTGTTCAACTCCCT-1-36_s3,-1,1,0,1,0
TTCCGGTTCCAAGCTA-1-41_s3,1,0,-1,0,0
CATTGCCGTGCGAGTA-1-43_s3,-1,1,0,-1,-1
CTACCCATCCCGGTAG-1-38_s3,1,0,-1,0,0
CCTCTCCTCAGCGTCG-1-40_s3,-1,1,0,-1,1
CAATGACTCAACACCA-1-39_s3,-1,1,0,1,0
TTCGGTCCAGCTCATA-1-42_s3,-1,-1,0,0,0
GAAGGACTCGTCGATA-1-40_s3,-1,1,0,-1,1
AACGTCATCCGATCTC-1-39_s3,1,0,-1,0,0
CCATAAGTCTGAGGTT-1-40_s3,1,0,-1,0,0
AGAGAATAGATACGAT-1-43_s3,-1,-1,0,0,0
CGGTCAGGTTATGGTC-1-40_s3,-1,1,0,-1,-1
TAAGCACAGGTATTGA-1-39_s3,-1,1,0,-1,-1
TGCTCCAGTACAGTCT-1-41_s3,1,0,-1,0,0
AGGTTGTAGCTGCGAA-1-37_s3,-1,-1,0,0,0
TGGATCATCCCTCTAG-1-40_s3,1,0,-1,0,0
TCGACGGGTTAATGAG-1-40_s3,-1,1,0,-1,-1
AGTCACAAGAGAGAAC-1-40_s3,1,0,-1,0,0
GATCATGCATGACTTG-1-41_s3,-1,1,0,-1,-1
GCATCTCTCAACTGAC-1-36_s3,-1,1,0,1,0
TTCATTGCACAGCCTG-1-40_s3,1,0,-1,0,0
ACGTACAAGATGCAGC-1-39_s3,-1,-1,0,0,0
CCGCAAGGTGCTCTTC-1-42_s3,-1,-1,0,0,0
TGCATCCGTAGTTACC-1-41_s3,-1,-1,0,0,0
CTGATCCCAGACTCTA-1-40_s3,-1,1,0,-1,-1
TCCACCAAGACGATAT-1-42_s3,1,0,1,0,0
TGTTCTAGTCGTTGGC-1-39_s3,1,0,-1,0,0
TGTTCATGTGGCTCTG-1-39_s3,-1,1,0,-1,-1
TATACCTTCGAAGTGG-1-37_s3,-1,1,0,-1,-1
GTCTCACAGCCGTCGT-1-37_s3,-1,1,0,-1,1
GCCTGTTGTGCGTTTA-1-38_s3,1,0,-1,0,0
GGGAGATAGGTGCTAG-1-41_s3,-1,-1,0,0,0
GTGTCCTAGTTAGTAG-1-39_s3,-1,-1,0,0,0
CTTGAGAAGCCTGGAA-1-40_s3,1,0,-1,0,0
CTCCTCCCACGTAACT-1-37_s3,-1,1,0,-1,-1
TACACCCGTTCCTTGC-1-40_s3,-1,1,0,-1,-1
TCATACTAGACTTGTC-1-38_s3,1,0,1,0,0
AGGGTCCCAGAATTCC-1-37_s3,1,0,-1,0,0
ACGGAAGCAGCGCGTT-1-40_s3,1,0,-1,0,0
ATTCTTGAGCTTGTTG-1-42_s3,-1,-1,0,0,0
ACAACCATCGGTGAAG-1-41_s3,-1,1,0,-1,-1
GTCTAGACAAGTACCT-1-38_s3,-1,1,0,-1,-1
TCTTCCTAGACCATAA-1-36_s3,1,0,-1,0,0
AGATCGTCAGCCATTA-1-36_s3,-1,1,0,-1,1
CGATCGGGTACAGGTG-1-36_s3,-1,1,0,-1,-1
ATGACCAAGGTCTTTG-1-39_s3,1,0,-1,0,0
GTAACCATCCAAGCAT-1-41_s3,-1,1,0,-1,-1
AGATAGAAGAGGATCC-1-40_s3,-1,1,0,-1,1
TCCTAATGTGCAAGAC-1-39_s3,-1,1,0,-1,-1
GGCTGTGTCTGTGCTC-1-41_s3,-1,1,0,-1,1
GTGAGTTCATCACGGC-1-40_s3,-1,1,0,-1,1
ACTATTCCAAGTTTGC-1-43_s3,1,0,-1,0,0
ACGATGTAGTCTCTGA-1-36_s3,-1,1,0,-1,-1
CTCGAGGAGCCTCTGG-1-36_s3,1,0,-1,0,0
TCATCCGGTACAGTTC-1-40_s3,-1,1,0,-1,1
ATGTCTTGTCGCAACC-1-40_s3,-1,1,0,1,0
AGAAGCGCACCGTGCA-1-42_s3,-1,1,0,-1,-1
GAGTCATGTGATTCAC-1-42_s3,-1,-1,0,0,0
TAAGTCGGTATCAGCT-1-38_s3,-1,-1,0,0,0
TTACTGTGTACTAACC-1-42_s3,-1,-1,0,0,0
GCCAACGCAAGCGCAA-1-42_s3,-1,1,0,1,0
TTTCCTCCAACCGATT-1-37_s3,-1,1,0,-1,-1
AATCGACTCAACCCGG-1-43_s3,1,0,-1,0,0
TGAACGTAGGACTGGT-1-40_s3,-1,1,0,-1,1
ACTCTCGAGGCCGCTT-1-42_s3,-1,1,0,-1,-1
CGACAGCTCTGACCCT-1-40_s3,-1,-1,0,0,0
CGGCAGTCAAGGTACG-1-41_s3,-1,1,0,-1,1
TTTGGTTCATAACTCG-1-37_s3,-1,-1,0,0,0
TCTTGCGCACAGTCCG-1-37_s3,1,0,-1,0,0
CTACCCATCCCTTGGT-1-42_s3,1,0,-1,0,0
TGGATCAAGCTAGATA-1-42_s3,1,0,-1,0,0
TCCCACATCATCGCTC-1-36_s3,-1,1,0,-1,1
ACTATCTCAGTTGTCA-1-38_s3,-1,1,0,-1,-1
GTAGGTTGTATCGATC-1-40_s3,-1,-1,0,0,0
TTAATCCAGGATGAGA-1-37_s3,-1,-1,0,0,0
GTCGTTCGTCTGTCAA-1-42_s3,1,0,-1,0,0
CGTCAAACATGAATCC-1-40_s3,1,0,-1,0,0
ATTTCTGGTGAGGCAT-1-38_s3,-1,-1,0,0,0
TCCACCATCGAAACAA-1-36_s3,1,0,-1,0,0
AACCTGAAGCTAAATG-1-43_s3,-1,1,0,-1,1
CTACAGACACATTACG-1-36_s3,-1,1,0,1,0
TCATGTTTCCTTTGAT-1-36_s3,-1,-1,0,0,0
AGGGTTTTCACGGTCG-1-40_s3,-1,1,0,-1,-1
TGGCGTGTCCTCGATC-1-41_s3,1,0,-1,0,0
GGGACCTTCTAGTTCT-1-42_s3,-1,1,0,-1,-1
CCGTAGGGTCTTCCGT-1-43_s3,-1,1,0,-1,-1
GGGTGTCCATGATCTG-1-42_s3,1,0,-1,0,0
GACTTCCTCACAAGGG-1-43_s3,-1,-1,0,0,0
TTGGGCGAGATGGCAC-1-36_s3,-1,1,0,-1,1
GATTTCTTCAAGAGTA-1-42_s3,1,0,-1,0,0
ACCAACATCCACCTGT-1-36_s3,-1,1,0,-1,-1
TGTCCTGCAACACGTT-1-37_s3,-1,1,0,-1,1
TGTGAGTTCCATCTCG-1-36_s3,-1,1,0,-1,-1
CCGTGAGGTATGGAGC-1-36_s3,-1,1,0,-1,1
CTCCATGCAAGCGATG-1-40_s3,1,0,-1,0,0
TGTGGCGCACCAATTG-1-43_s3,-1,1,0,-1,1
ACACGCGGTCAGTCGC-1-40_s3,-1,1,0,-1,-1
CAGTGCGAGTGGCCTC-1-36_s3,-1,-1,0,0,0
ATTCGTTTCTTCCCAG-1-37_s3,-1,1,0,-1,1
GGCTGTGCACCTCTAC-1-37_s3,-1,1,0,-1,1
CAATCGAAGTTCTCTT-1-36_s3,-1,1,0,-1,1
ACTGTCCCATAGAGGC-1-43_s3,1,0,-1,0,0
TTTACGTGTAGCTTGT-1-37_s3,1,0,1,0,0
GGGAGTAGTATAGGGC-1-42_s3,-1,1,0,-1,-1
TGTTACTGTTTCACTT-1-36_s3,-1,1,0,-1,-1
CGAGGCTCAATGGCAG-1-40_s3,-1,-1,0,0,0
TCCTAATAGCAAGGAA-1-42_s3,-1,1,0,-1,1
GGGACCTTCTGAGAAA-1-40_s3,-1,1,0,-1,-1
CAACCTCGTAGGACTG-1-40_s3,-1,-1,0,0,0
CTTCTCTTCCACTTCG-1-40_s3,-1,1,0,-1,1
CAATCGATCCCAACTC-1-42_s3,1,0,-1,0,0
CGCATAAAGTTGGCGA-1-40_s3,1,0,-1,0,0
AGTCTCCCAATCAGCT-1-36_s3,1,0,-1,0,0
AACAACCAGCCTTCTC-1-38_s3,1,0,-1,0,0
AGCGTCGGTGAGACCA-1-38_s3,-1,-1,0,0,0
ACTATTCGTCACCACG-1-38_s3,1,0,-1,0,0
CTGTGGGTCGTAGTCA-1-39_s3,-1,1,0,1,0
CCTACGTCAGCGTGCT-1-42_s3,-1,-1,0,0,0
TGTCCCAGTTGCATCA-1-43_s3,-1,1,0,1,0
GCGGAAAGTTTGGGTT-1-42_s3,-1,-1,0,0,0
GATGCTACAAACACCT-1-37_s3,-1,1,0,-1,-1
TGAGGGACATCCAATG-1-43_s3,1,0,-1,0,0
TCATGCCTCCGATAAC-1-42_s3,-1,1,0,-1,1
AATCGACAGCGCAATG-1-38_s3,-1,1,0,-1,1
CACATGACAGTACTAC-1-41_s3,1,0,-1,0,0
ATGTCTTCACTCCTTG-1-38_s3,1,0,-1,0,0
CATACAGCAGGACGAT-1-37_s3,-1,1,0,-1,1
CTCCTTTCAACTCGAT-1-41_s3,-1,1,0,-1,1
GCGGAAACAGCAGGAT-1-43_s3,-1,-1,0,0,0
ATGCGATTCATGCATG-1-37_s3,-1,-1,0,0,0
GGGATCCAGTCTGCGC-1-41_s3,-1,1,0,-1,1
GATCACACATCAGCTA-1-42_s3,-1,1,0,-1,1
GTGGGAACAGCAGTCC-1-37_s3,1,0,-1,0,0
TTCATGTAGACTCTAC-1-43_s3,1,0,-1,0,0
TCGGATAAGATAGCTA-1-41_s3,1,0,-1,0,0
CTAACCCTCGTAATGC-1-40_s3,1,0,-1,0,0
GTGTTAGTCGCCTTGT-1-37_s3,1,0,1,0,0
GAGATGGAGTCGGCAA-1-36_s3,1,0,-1,0,0
AGCGTATCAGAGGACT-1-42_s3,1,0,-1,0,0
GTCACTCTCCCTCGTA-1-41_s3,1,0,-1,0,0
CGTCAAAGTTGCATAC-1-42_s3,-1,1,0,-1,1
TCCGGGACATCTCGTC-1-40_s3,-1,-1,0,0,0
GAGGCAAAGTGCTACT-1-39_s3,-1,1,0,-1,-1
ATGGGTTTCGAGATAA-1-42_s3,1,0,-1,0,0
AGATAGAGTCTTACTT-1-41_s3,-1,1,0,-1,-1
CTGCCATCAGAGCTAG-1-43_s3,1,0,-1,0,0
ATTACCTAGGTACAAT-1-43_s3,1,0,-1,0,0
AACAAAGCAACTGGTT-1-39_s3,-1,1,0,1,0
CATCGCTTCTACGGTA-1-39_s3,-1,1,0,-1,1
CTCCAACCATCCGAGC-1-41_s3,1,0,-1,0,0
ACCTGAAAGGTGAGCT-1-41_s3,1,0,-1,0,0
CTGTACCGTAACGTTC-1-37_s3,-1,-1,0,0,0
GTCCTCAAGGGATCTG-1-37_s3,-1,1,0,1,0
CACTGTCCAGAGTTGG-1-43_s3,1,0,-1,0,0
TGAGCATCAGGACAGT-1-41_s3,-1,1,0,-1,-1
GTTAGACGTTATGTCG-1-36_s3,-1,1,0,-1,1
GCCCGAATCCTCAGAA-1-42_s3,-1,1,0,-1,-1
AGGCATTCACACGTGC-1-38_s3,1,0,-1,0,0
AGGTGTTCAACCGTGC-1-38_s3,1,0,-1,0,0
ACGTTCCGTACTCGCG-1-42_s3,1,0,-1,0,0
TTCTGTATCTGGACTA-1-36_s3,-1,-1,0,0,0
TGAATCGAGGATAATC-1-38_s3,-1,1,0,-1,1
TCCCACAAGATGCTAA-1-39_s3,-1,1,0,-1,-1
AGGCTGCCAACCAATC-1-42_s3,1,0,-1,0,0
CAAGAGGGTCTGTGAT-1-39_s3,1,0,-1,0,0
GAATCGTTCTTCTTCC-1-40_s3,-1,-1,0,0,0
TGTACAGTCAAATGCC-1-37_s3,1,0,-1,0,0
ATTCTACAGTCGCTAT-1-42_s3,-1,1,0,-1,1
GTTGTCCTCCCGGTAG-1-39_s3,-1,1,0,-1,1
ACCAAACCATGGGTTT-1-38_s3,-1,-1,0,0,0
ATGAAAGAGTGTGTTC-1-36_s3,-1,-1,0,0,0
TACTTACCACTCGATA-1-38_s3,1,0,-1,0,0
CCCGAAGCATATGGCT-1-36_s3,-1,1,0,-1,-1
ACAAGCTCAGTCCCGA-1-42_s3,-1,1,0,-1,1
GTCTAGAAGGTCGTGA-1-41_s3,-1,-1,0,0,0
AATCACGGTACGTAGG-1-37_s3,1,0,-1,0,0
AGGTAGGAGCTGAGCA-1-41_s3,-1,1,0,-1,1
CATCGCTTCCTGTACC-1-38_s3,-1,-1,0,0,0
CGGTCAGCACAGTCGC-1-41_s3,-1,1,0,-1,1
ATTCGTTTCTGCGGGT-1-43_s3,-1,-1,0,0,0
